district,Longitude,Latitude
Medak,78.2889,17.4887
Medak,78.2114,17.6104
Ranga Reddy,77.9705,17.4551
Mahbubnagar,77.7068,16.3842
Warangal,79.8676,18.3368
Khammam,80.62,17.8104
Khammam,80.8029,17.9486
Nalgonda,79.4034,16.8291
Warangal,80.0269,18.4761
Warangal,80.0445,18.4781
Ranga Reddy,78.3479,17.1588
Warangal,80.1603,18.1834
Khammam,81.1803,17.407
Warangal,80.2069,18.3405
Warangal,80.0361,18.1584
Warangal,79.9253,18.0189
Warangal,79.8547,18.3379
Nizamabad,77.8365,18.3575
Mahbubnagar,77.7805,16.3777
Khammam,80.9007,17.6318
Khammam,80.7273,18.2783
Medak,78.2848,17.488
Medak,78.0822,17.8744
Warangal,80.1457,18.2037
Warangal,79.8514,18.355
Warangal,79.8937,18.3145
Medak,77.5582,17.6622
Medak,77.5566,17.6528
Khammam,80.2748,17.6464
Khammam,80.8415,17.4997
Khammam,80.5154,17.7545
Khammam,81.0514,17.6608
Khammam,80.8628,17.2919
Khammam,80.6674,17.3527
Nizamabad,78.3939,18.1911
Khammam,80.7145,18.004
Khammam,80.8027,17.9512
Nalgonda,79.4108,16.8218
Nalgonda,79.4012,16.8232
Khammam,80.8232,17.171
Khammam,80.8139,17.1724
Khammam,80.8708,17.1616
Medak,78.2608,17.9485
Medak,78.0871,17.6687
Nizamabad,78.3557,18.396
Warangal,79.9216,18.3622
Karimnagar,78.9867,18.9581
Karimnagar,78.9985,18.9596
Khammam,80.5975,17.2435
Khammam,80.6052,17.2468
Khammam,80.8448,17.184
Khammam,80.8033,17.9511
Khammam,80.8592,17.1717
Khammam,80.8494,17.1702
Medak,78.0399,17.4662
Karimnagar,78.7773,18.7389
Karimnagar,78.7729,18.6972
Karimnagar,78.7655,18.737
Warangal,80.043,18.0257
Warangal,80.0534,18.0273
Warangal,79.9107,18.069
Khammam,80.8074,17.9495
Warangal,79.0362,17.908
Medak,78.2899,17.4889
Mahbubnagar,78.3591,16.7401
Medak,77.6185,17.6647
Ranga Reddy,77.496,17.2959
Ranga Reddy,77.7784,17.576
Nizamabad,78.4179,18.142
Warangal,79.0242,17.9003
Warangal,79.0346,17.8987
Medak,78.4182,18.059
Warangal,80.1834,18.3483
Khammam,80.8018,17.9516
Karimnagar,78.6877,18.8298
Nizamabad,78.1241,18.6507
Mahbubnagar,77.5159,16.4073
Nalgonda,79.0144,17.5251
Mahbubnagar,77.744,16.339
Karimnagar,79.0166,18.9415
Ranga Reddy,77.7985,17.2159
Mahbubnagar,77.7824,17.2178
Khammam,80.8168,17.9152
Khammam,81.091,17.5926
Khammam,81.1292,17.5463
Adilabad,79.3161,19.0155
Warangal,80.0564,18.0109
Adilabad,79.3057,19.0141
Nalgonda,79.8796,17.1185
Warangal,80.1113,17.9844
Ranga Reddy,77.798,17.207
Mahbubnagar,77.4695,16.7366
Mahbubnagar,78.1734,16.6808
Ranga Reddy,77.7873,17.2146
Mahbubnagar,77.778,17.2133
Ranga Reddy,77.7418,17.2266
Adilabad,78.565,19.2459
Karimnagar,78.7278,18.9558
Nizamabad,78.1842,18.3259
Warangal,79.0324,17.8949
Ranga Reddy,77.7904,17.2359
Ranga Reddy,77.795,17.2385
Khammam,80.9396,17.7713
Khammam,80.9303,17.77
Karimnagar,78.9443,18.9718
Nizamabad,78.2212,18.7205
Medak,77.8303,17.9463
Ranga Reddy,77.6215,17.4548
Khammam,80.5617,17.3782
Khammam,81.1206,17.4764
Khammam,81.1317,17.4781
Khammam,81.1758,17.3239
Khammam,81.1649,17.3222
Mahbubnagar,77.8844,16.2594
Khammam,80.7988,17.9531
Khammam,80.657,18.4251
Khammam,80.8067,17.9525
Nizamabad,78.4342,18.33
Ranga Reddy,78.3467,17.1615
Karimnagar,78.7973,18.982
Warangal,80.0309,18.1525
Warangal,80.0323,18.1419
Khammam,80.6525,18.4124
Khammam,80.6514,18.4236
Khammam,80.6421,18.4224
Mahbubnagar,78.3392,17.0292
Mahbubnagar,77.8188,16.1162
Ranga Reddy,77.864,17.2298
Medak,78.1076,17.9482
Mahbubnagar,77.7977,16.3541
Medak,77.6503,17.7507
Nalgonda,79.2364,17.4685
Warangal,79.7039,18.0962
Karimnagar,79.5907,18.5866
Karimnagar,79.5892,18.5955
Warangal,80.0394,18.0413
Warangal,79.5641,17.5061
Khammam,80.2312,17.737
Adilabad,78.6944,19.2506
Karimnagar,78.8524,18.6007
Karimnagar,78.7948,18.6016
Khammam,80.2816,17.7733
Khammam,80.2799,17.7826
Khammam,80.29,17.7841
Khammam,80.2916,17.7748
Karimnagar,78.893,18.6944
Karimnagar,79.0699,18.5687
Karimnagar,78.7354,18.6589
Karimnagar,78.7841,18.6971
Warangal,80.2227,18.0117
Khammam,80.3484,17.7454
Nizamabad,78.2024,18.3495
Nizamabad,78.201,18.3404
Warangal,80.2373,17.9343
Warangal,79.0396,17.7287
Medak,77.7705,17.6312
Medak,78.4147,18.0587
Khammam,80.6336,17.5607
Warangal,79.2812,17.6351
Warangal,79.2888,17.6317
Khammam,80.8016,17.9525
Ranga Reddy,78.5306,17.5473
Khammam,80.4106,18.6017
Warangal,79.802,18.3592
Khammam,80.3461,17.7447
Karimnagar,79.4881,18.6034
Karimnagar,79.4989,18.6017
Karimnagar,79.4829,18.5998
Warangal,79.9084,18.0825
Mahbubnagar,77.7723,17.2279
Mahbubnagar,77.7169,16.5985
Karimnagar,78.7323,18.6012
Karimnagar,78.7392,18.606
Warangal,80.5413,18.1964
Nizamabad,77.9969,18.559
Adilabad,78.7105,19.3333
Khammam,80.805,17.9547
Karimnagar,79.9979,18.7592
Warangal,80.105,17.8336
Warangal,80.1102,17.8344
Khammam,80.7998,17.9536
Khammam,80.8077,17.949
Khammam,80.5949,18.4147
Khammam,80.5895,18.4137
Khammam,80.8011,17.9517
Khammam,80.4788,18.6033
Warangal,80.0617,18.0099
Adilabad,79.3151,18.9848
Warangal,80.0778,17.8285
Warangal,80.0656,17.8367
Adilabad,79.3215,18.9804
Warangal,80.1355,18.0391
Warangal,80.1245,18.0377
Warangal,80.1659,17.9422
Karimnagar,78.8884,18.9942
Karimnagar,78.8288,18.6091
Warangal,80.1549,17.9408
Karimnagar,78.8982,18.9955
Adilabad,78.7306,19.2397
Adilabad,78.7207,19.2384
Adilabad,78.6799,19.268
Adilabad,78.67,19.2667
Adilabad,78.6361,19.2902
Adilabad,78.6715,19.323
Adilabad,78.5995,19.3318
Khammam,80.8082,17.9538
Khammam,80.8013,17.9479
Ranga Reddy,78.0439,17.3266
Khammam,80.798,17.9524
Khammam,80.8043,17.9519
Nalgonda,79.0322,17.6677
Warangal,79.0428,17.726
Medak,78.0496,17.9961
Warangal,79.0328,17.7244
Ranga Reddy,77.7319,17.5037
Ranga Reddy,77.7336,17.4939
Mahbubnagar,78.0392,17.1114
Mahbubnagar,78.052,17.1034
Warangal,79.9064,18.1588
Warangal,79.9158,18.1602
Nalgonda,79.6777,17.0279
Nalgonda,79.3281,17.2064
Warangal,80.0332,18.0482
Warangal,80.0629,18.0433
Khammam,80.6003,18.398
Khammam,80.5891,18.4331
Khammam,80.7988,17.9471
Khammam,80.6535,18.2855
Khammam,80.711,18.2846
Khammam,80.7204,18.2859
Khammam,80.8833,17.6275
Adilabad,78.7354,19.2191
Adilabad,78.8003,19.1174
Warangal,80.211,18.0192
Adilabad,78.5197,19.2968
Warangal,80.1648,17.985
Warangal,80.1742,17.9863
Karimnagar,78.8638,18.6854
Adilabad,78.6606,19.2616
Khammam,80.464,18.5992
Warangal,80.1863,17.9608
Khammam,80.4445,18.6091
Mahbubnagar,77.9345,16.1254
Medak,78.0996,17.6886
Medak,77.5438,17.6451
Medak,77.5543,17.6435
Medak,78.0954,17.692
Mahbubnagar,77.7963,16.3547
Mahbubnagar,77.8012,16.3512
Ranga Reddy,77.5431,17.3683
Medak,77.9654,17.5383
Ranga Reddy,77.5326,17.37
Medak,77.926,17.9439
Medak,77.9671,17.548
Khammam,80.2755,17.7946
Khammam,80.2813,17.7938
Ranga Reddy,77.906,17.4895
Ranga Reddy,77.924,17.496
Ranga Reddy,77.8978,17.4933
Adilabad,78.7246,19.3425
Warangal,80.2653,18.0158
Adilabad,78.7916,19.1352
Warangal,80.1168,18.0322
Warangal,80.1292,18.0343
Khammam,80.8003,17.9493
Warangal,80.0752,18.0165
Warangal,80.0814,18.0159
Warangal,80.0876,18.0185
Khammam,80.7952,17.9553
Ranga Reddy,77.9487,17.4718
Adilabad,79.6302,19.0825
Khammam,80.9454,17.6603
Karimnagar,78.8258,19.0092
Karimnagar,78.8243,19.0003
Warangal,80.1724,17.9281
Khammam,80.8046,17.9499
Khammam,81.1667,17.5429
Mahbubnagar,77.5167,16.4826
Mahbubnagar,77.9195,16.1386
Nalgonda,79.3799,16.888
Khammam,80.1437,17.2769
Ranga Reddy,77.9724,17.1271
Ranga Reddy,78.5297,17.5454
Ranga Reddy,78.5193,17.5379
Ranga Reddy,77.9709,17.1384
Medak,78.0258,17.4872
Warangal,80.1036,18.0054
Warangal,80.0058,18.0628
Warangal,79.9996,18.0705
Adilabad,78.5857,19.216
Khammam,80.599,18.4951
Khammam,80.6042,18.4918
Khammam,80.6057,18.485
Khammam,80.8,17.9574
Khammam,80.8014,17.9481
Warangal,80.2059,17.9801
Warangal,80.217,17.9879
Khammam,81.106,17.3997
Khammam,80.597,18.4862
Khammam,80.8058,17.9499
Khammam,80.7941,17.0857
Khammam,79.9744,17.1379
Mahbubnagar,77.8503,15.8938
Khammam,80.6208,18.492
Khammam,80.4208,17.666
Khammam,80.4068,17.6642
Khammam,80.4135,17.6693
Khammam,80.4395,18.583
Warangal,80.267,17.9909
Warangal,80.2241,17.9965
Nizamabad,78.5555,18.6093
Mahbubnagar,78.4789,16.0815
Adilabad,78.6909,19.228
Khammam,80.8071,17.9587
Khammam,80.5905,18.4774
Khammam,80.6223,18.4835
Khammam,80.6154,18.4796
Warangal,80.1444,17.8701
Adilabad,78.6574,19.231
Khammam,80.7248,17.2517
Khammam,80.6432,18.4734
Khammam,80.6417,18.4826
Nizamabad,78.0538,18.5852
Adilabad,78.729,19.2546
Adilabad,78.5496,19.0915
Adilabad,78.6958,19.2224
Warangal,80.2309,17.957
Karimnagar,78.8299,18.6801
Warangal,80.1748,18.1146
Warangal,80.1721,18.0414
Adilabad,78.7818,19.2257
Ranga Reddy,78.0773,17.3818
Ranga Reddy,77.6146,17.3405
Medak,77.9601,17.5393
Medak,77.9697,17.5408
Ranga Reddy,77.5439,17.3649
Ranga Reddy,77.5339,17.3634
Ranga Reddy,77.5239,17.3619
Mahbubnagar,77.7608,16.1446
Mahbubnagar,77.6663,16.6173
Mahbubnagar,77.6548,16.625
Medak,78.618,17.8392
Khammam,80.4735,18.551
Khammam,80.441,18.5653
Khammam,80.5529,18.5618
Khammam,80.4691,17.594
Khammam,80.7998,17.9527
Khammam,80.5435,18.4599
Khammam,80.5535,18.4613
Khammam,80.6089,18.4311
Khammam,80.3493,17.4216
Khammam,80.2332,17.5895
Khammam,80.5223,18.4664
Khammam,80.5627,18.5631
Khammam,80.5336,18.4586
Warangal,80.0582,18.0165
Warangal,80.0485,18.1065
Warangal,80.0815,18.0566
Warangal,80.0924,18.0489
Adilabad,78.3504,19.8545
Khammam,80.6144,18.4783
Khammam,80.6227,18.4679
Khammam,80.613,18.4693
Khammam,80.8072,17.9535
Adilabad,78.8392,19.3694
Khammam,80.5545,18.449
Khammam,80.6416,18.4725
Khammam,80.5598,18.4743
Khammam,80.622,18.476
Khammam,80.5481,18.4494
Warangal,80.098,18.0543
Warangal,80.1042,18.0565
Khammam,80.4276,17.6941
Khammam,80.4302,17.6503
Khammam,80.4403,17.6518
Khammam,80.2765,17.728
Khammam,80.2561,17.7248
Khammam,80.2663,17.7264
Adilabad,79.2158,19.0924
Adilabad,79.1953,19.0459
Warangal,80.0351,18.0694
Karimnagar,79.6088,18.5912
Warangal,79.9406,17.9969
Warangal,79.9301,17.9952
Warangal,79.9953,18.0537
Adilabad,79.3384,18.8838
Adilabad,79.2753,19.0486
Adilabad,79.274,19.0583
Khammam,80.2683,17.8004
Khammam,80.2771,17.8113
Khammam,80.2667,17.8097
Adilabad,79.5565,18.8164
Adilabad,79.5672,18.8181
Adilabad,78.6755,19.21
Warangal,80.1875,18.1283
Adilabad,78.6605,19.33
Karimnagar,78.8482,18.7655
Karimnagar,78.9332,18.657
Adilabad,78.585,19.2769
Warangal,80.2104,17.9214
Karimnagar,78.8598,18.7674
Nizamabad,78.5492,18.6871
Adilabad,78.7136,19.2671
Adilabad,78.7154,19.2572
Warangal,80.1829,17.8064
Nizamabad,78.5763,18.6086
Warangal,80.2207,17.923
Karimnagar,78.7606,19.0086
Adilabad,78.8344,19.2661
Warangal,80.1934,17.808
Adilabad,78.61,19.1686
Adilabad,78.5231,19.1749
Medak,78.1864,17.4889
Khammam,80.6875,18.353
Khammam,80.5756,18.4383
Khammam,80.4855,18.5164
Khammam,80.5656,18.4368
Khammam,80.5672,18.4277
Khammam,80.5937,18.4504
Khammam,80.6249,18.4457
Khammam,80.6363,18.4381
Khammam,80.6327,18.4001
Khammam,80.6426,18.4016
Khammam,80.7649,18.143
Khammam,80.8204,18.17
Khammam,80.8183,17.3685
Khammam,80.9463,17.3223
Khammam,80.5772,18.4292
Khammam,80.487,18.5072
Khammam,80.4955,18.5179
Khammam,80.6623,18.4481
Khammam,80.4997,18.5973
Khammam,80.5118,18.5952
Khammam,80.8039,17.9522
Warangal,80.1169,17.8595
Adilabad,79.2436,18.9972
Nizamabad,78.3514,18.4816
Adilabad,78.3026,19.4214
Adilabad,79.328,18.9009
Adilabad,79.3511,18.9993
Adilabad,78.3122,19.42
Adilabad,78.5388,19.1817
Nizamabad,78.0515,18.6017
Adilabad,78.6923,19.3611
Adilabad,78.9468,19.21
Karimnagar,78.8276,18.7315
Karimnagar,78.8375,18.7299
Karimnagar,78.6454,18.4922
Karimnagar,78.827,18.5824
Nizamabad,78.588,18.62
Nizamabad,78.5781,18.6215
Karimnagar,78.796,18.644
Karimnagar,78.7861,18.6455
Adilabad,78.6582,19.3384
Adilabad,78.5841,19.295
Adilabad,78.7251,19.2919
Adilabad,78.6361,19.1398
Ranga Reddy,77.6871,17.5223
Medak,78.0066,17.9166
Khammam,81.1084,17.3474
Khammam,80.9586,17.3723
Khammam,80.9451,17.3746
Khammam,80.2294,17.7388
Khammam,80.2248,17.735
Warangal,80.1994,17.7357
Karimnagar,78.8673,18.9377
Warangal,80.1895,18.1083
Adilabad,78.5733,19.2775
Khammam,80.5258,18.5453
Khammam,80.533,18.5501
Khammam,80.5354,18.5344
Khammam,80.2943,17.8643
Nizamabad,77.9331,18.3431
Khammam,80.3027,17.7653
Khammam,80.3518,17.6029
Khammam,80.4627,17.114
Nalgonda,78.9942,17.523
Mahbubnagar,77.5869,16.9642
Warangal,80.0027,18.0051
Warangal,80.0189,18.0079
Adilabad,79.2097,19.0482
Khammam,80.5456,18.5266
Khammam,80.7364,18.3161
Khammam,80.5511,18.5255
Khammam,80.7386,18.3054
Khammam,80.5255,18.5569
Khammam,80.5109,18.5544
Khammam,80.4818,18.4914
Khammam,80.4031,18.6062
Adilabad,78.8371,19.2347
Adilabad,78.8297,19.2381
Adilabad,78.6312,19.1191
Adilabad,78.6003,19.075
Warangal,80.2584,17.9226
Warangal,80.2421,17.9199
Warangal,80.253,17.9207
Warangal,80.2507,17.9319
Khammam,80.3928,17.1952
Khammam,80.4038,17.1966
Warangal,80.2591,17.9313
Khammam,80.7718,18.1283
Khammam,80.6869,18.423
Khammam,80.6814,18.4225
Khammam,80.6832,18.3376
Khammam,80.6669,18.3774
Khammam,80.6574,18.3788
Khammam,80.6738,18.3391
Khammam,80.7338,18.2933
Khammam,80.8083,17.9499
Khammam,80.7989,17.9513
Adilabad,78.8338,19.2965
Adilabad,78.6531,19.1282
Warangal,80.2442,17.8874
Adilabad,78.6631,19.1268
Warangal,80.2663,17.9854
Adilabad,78.6577,19.3491
Adilabad,78.8177,19.2349
Adilabad,78.6217,19.2904
Warangal,80.2184,18.0665
Warangal,80.2756,17.984
Karimnagar,78.8382,18.6801
Adilabad,78.5048,19.2688
Adilabad,78.4946,19.2702
Khammam,80.4223,17.7038
Khammam,80.5606,18.513
Khammam,80.3246,17.691
Khammam,80.5512,18.5144
Khammam,80.4316,17.7024
Khammam,80.3985,17.7349
Khammam,80.3339,17.6896
Warangal,80.1243,18.1353
Warangal,80.0934,18.0385
Warangal,80.1013,18.0282
Warangal,79.8498,18.2313
Khammam,80.3065,17.7767
Adilabad,78.4086,19.152
Khammam,80.2784,17.7619
Warangal,79.8484,18.2223
Warangal,80.1055,18.055
Khammam,80.1425,17.7031
Khammam,80.4031,17.6898
Khammam,80.3307,17.6813
Khammam,80.3128,17.6793
Khammam,80.4015,17.7019
Khammam,80.8184,18.1402
Khammam,80.8314,18.1438
Khammam,80.3999,17.7141
Warangal,80.1279,18.0416
Ranga Reddy,77.8924,17.496
Warangal,80.0569,18.0458
Khammam,80.314,17.8494
Warangal,80.0635,18.0512
Warangal,80.0744,18.0478
Warangal,79.9818,18.0855
Khammam,80.0097,17.0842
Warangal,80.1964,18.0614
Warangal,80.2029,18.0678
Warangal,80.1516,17.8671
Warangal,80.1451,17.8614
Warangal,80.234,17.9613
Warangal,80.2142,18.0634
Warangal,80.2398,17.9575
Adilabad,78.5357,19.2256
Adilabad,78.8322,19.2058
Adilabad,78.5517,19.2852
Adilabad,78.5499,19.296
Nizamabad,78.6055,18.6634
Nizamabad,78.6194,18.6651
Adilabad,78.8823,19.1083
Adilabad,78.6565,19.1372
Adilabad,78.642,19.1354
Adilabad,78.6362,19.238
Karimnagar,78.6615,18.6703
Nizamabad,78.5793,18.6493
Karimnagar,78.8353,18.6691
Karimnagar,78.8273,18.5649
Adilabad,78.6778,19.2542
Adilabad,78.6243,19.2829
Adilabad,78.6721,19.2553
Adilabad,78.6865,19.257
Adilabad,78.6304,19.2394
Karimnagar,78.74,18.9312
Karimnagar,78.7255,18.9295
Adilabad,78.5953,19.0527
Khammam,80.5109,18.3933
Khammam,80.6616,18.4099
Khammam,80.5788,18.3487
Khammam,80.6811,18.4121
Khammam,80.5386,18.5641
Khammam,80.5329,18.5651
Adilabad,78.4344,19.1369
Adilabad,79.1119,19.215
Adilabad,78.4283,19.131
Adilabad,78.4419,19.1327
Karimnagar,79.6497,18.5351
Karimnagar,79.6414,18.5246
Adilabad,79.3302,18.9102
Adilabad,79.3102,18.9426
Adilabad,79.1049,19.2148
Adilabad,79.285,18.9723
Warangal,79.8495,18.2168
Nizamabad,77.9596,18.3287
Karimnagar,78.619,18.332
Karimnagar,78.6266,18.3363
Nizamabad,77.6299,18.3278
Khammam,80.3211,17.865
Adilabad,78.5033,19.2945
Khammam,80.3401,17.8652
Khammam,80.291,17.8748
Khammam,80.3355,17.8658
Khammam,80.2957,17.8745
Warangal,80.1634,18.038
Warangal,80.2028,18.0792
Khammam,80.3871,17.7251
Khammam,80.652,18.4406
Khammam,80.312,17.8712
Khammam,80.323,17.8538
Khammam,80.3157,17.8572
Khammam,80.3195,17.8678
Khammam,80.3795,17.7287
Khammam,80.4047,17.7335
Adilabad,78.7406,19.288
Karimnagar,78.9524,18.6541
Medak,77.9653,17.4825
Khammam,81.0649,17.3254
Adilabad,78.8183,19.1495
Adilabad,78.6048,19.119
Adilabad,78.9031,19.1861
Adilabad,78.7897,19.2108
Adilabad,78.7746,19.2127
Khammam,81.1976,17.4434
Khammam,80.4742,17.6387
Khammam,80.48,17.7205
Khammam,80.4163,17.6824
Khammam,80.3333,17.1804
Khammam,80.2925,17.7786
Khammam,80.3216,17.8536
Karimnagar,78.7572,18.621
Karimnagar,78.8156,18.6562
Nizamabad,78.6239,18.6673
Nizamabad,78.0649,18.5247
Karimnagar,78.9493,18.9303
Nizamabad,78.1747,18.5034
Warangal,80.1376,17.9125
Nizamabad,78.5028,18.5303
Karimnagar,78.7501,18.72
Nalgonda,79.0575,17.7054
Medak,78.0322,17.9222
Ranga Reddy,77.927,17.3642
Mahbubnagar,78.1977,16.8412
Mahbubnagar,78.0913,16.6876
Mahbubnagar,77.8546,16.2399
Ranga Reddy,77.9284,17.3553
Medak,77.8855,18.1873
Ranga Reddy,77.9609,17.4708
Ranga Reddy,77.9549,17.3682
Khammam,80.8038,17.3449
Khammam,80.8035,17.9455
Khammam,80.6294,18.3519
Adilabad,78.9188,19.2119
Adilabad,78.6757,19.1147
Adilabad,78.8332,19.1454
Adilabad,78.9106,19.1747
Adilabad,78.9006,19.1733
Adilabad,79.0676,19.3512
Adilabad,78.6598,19.2425
Adilabad,78.7757,19.2115
Adilabad,78.8657,19.2236
Adilabad,78.8758,19.2249
Adilabad,78.7771,19.2023
Karimnagar,78.8437,19.0462
Adilabad,78.6219,19.0441
Adilabad,78.6022,19.0414
Adilabad,78.5895,19.3335
Adilabad,78.6248,19.301
Adilabad,78.7295,19.2778
Adilabad,78.7606,19.2726
Adilabad,78.7705,19.2739
Adilabad,78.612,19.0427
Adilabad,78.2864,19.6688
Adilabad,79.3197,19.2551
Adilabad,79.2855,19.0671
Adilabad,79.317,19.2484
Adilabad,78.8148,19.2132
Adilabad,78.8865,19.2218
Adilabad,78.5367,19.1701
Khammam,80.8023,17.956
Adilabad,78.7457,19.2734
Adilabad,78.7527,19.2763
Adilabad,78.8912,19.222
Adilabad,78.7504,19.2641
Adilabad,78.3737,19.6283
Adilabad,78.8243,19.1832
Adilabad,78.8181,19.1807
Karimnagar,78.6669,18.6823
Adilabad,78.6481,19.3058
Adilabad,78.8124,19.1747
Adilabad,78.6015,19.0941
Warangal,80.2411,18.0201
Warangal,80.1914,18.0312
Warangal,80.2281,17.9817
Warangal,80.2734,17.9974
Adilabad,78.6586,19.2306
Adilabad,78.5973,19.2873
Adilabad,78.5873,19.2858
Adilabad,78.7085,19.3217
Nizamabad,78.6128,18.6889
Karimnagar,78.6651,18.6874
Nizamabad,78.5835,18.6497
Nizamabad,78.5938,18.6513
Nizamabad,78.5799,18.6111
Nizamabad,78.5816,18.6019
Adilabad,78.5349,19.2304
Adilabad,78.4893,19.2519
Adilabad,78.5157,19.3013
Warangal,80.1475,17.9241
Warangal,80.1569,17.9254
Karimnagar,79.0254,18.9552
Karimnagar,78.7643,19.0177
Karimnagar,78.841,19.0482
Karimnagar,78.8309,19.0466
Adilabad,78.5369,19.0462
Adilabad,78.7948,19.188
Adilabad,78.8048,19.1896
Adilabad,78.6579,19.1482
Adilabad,78.8375,19.1758
Adilabad,78.8474,19.1773
Adilabad,78.6795,19.1421
Adilabad,78.5301,19.1095
Adilabad,78.5914,19.0925
Adilabad,78.9543,19.2029
Nizamabad,78.2119,18.7
Warangal,80.1178,18.0113
Warangal,80.117,18.3156
Warangal,80.3791,18.1329
Khammam,80.3267,17.7006
Khammam,80.6408,17.7839
Khammam,80.4918,17.8448
Khammam,80.1849,17.7087
Khammam,80.336,17.702
Khammam,80.1943,17.71
Mahbubnagar,78.6105,16.1539
Nalgonda,78.9225,17.2605
Ranga Reddy,77.836,17.2746
Mahbubnagar,78.0273,17.1106
Nizamabad,78.5392,18.3467
Khammam,80.7372,18.2483
Khammam,80.6185,18.3514
Khammam,80.6279,18.3528
Khammam,80.7256,18.3393
Khammam,80.8521,17.9982
Khammam,80.7451,18.2586
Khammam,80.6092,18.3501
Khammam,80.2857,17.7965
Warangal,79.7155,18.2292
Adilabad,79.2437,19.0251
Warangal,80.2419,18.177
Warangal,80.2583,18.2721
Warangal,79.9898,18.0293
Warangal,80.0116,17.9317
Warangal,79.8512,18.2308
Adilabad,79.3142,19.0171
Adilabad,79.1629,19.2159
Khammam,80.2823,17.8418
Khammam,80.3289,17.8486
Khammam,80.3211,17.8383
Adilabad,78.4385,19.244
Adilabad,79.3682,18.9881
Adilabad,79.2456,19.0347
Adilabad,79.3185,18.99
Karimnagar,79.3989,18.7352
Adilabad,79.2534,19.0265
Adilabad,79.1407,19.3135
Karimnagar,79.4085,18.7366
Warangal,80.084,17.8221
Adilabad,79.131,19.312
Khammam,80.2764,17.7952
Khammam,80.6614,18.275
Khammam,80.6544,18.2797
Adilabad,78.7882,19.1897
Adilabad,78.7902,19.1774
Adilabad,78.777,19.1846
Adilabad,78.7951,19.1867
Adilabad,78.8652,19.1658
Nizamabad,78.2101,18.7192
Adilabad,78.7062,19.315
Adilabad,78.6965,19.3267
Karimnagar,78.743,18.6003
Adilabad,78.7793,19.1598
Adilabad,78.7847,19.1579
Adilabad,78.8165,19.1324
Adilabad,78.8282,19.1305
Karimnagar,79.1586,18.6962
Adilabad,79.3296,19.0059
Adilabad,79.0982,19.3737
Adilabad,79.1634,19.2188
Adilabad,78.3712,19.1352
Adilabad,78.365,19.1329
Ranga Reddy,77.6166,17.3368
Ranga Reddy,77.9174,17.163
Ranga Reddy,77.6288,17.3446
Mahbubnagar,77.8708,16.4419
Khammam,80.8019,17.9549
Adilabad,78.6809,19.3198
Karimnagar,78.8591,19.0357
Warangal,80.2739,17.9011
Khammam,80.3505,17.6939
Ranga Reddy,77.7878,17.3163
Ranga Reddy,77.8132,17.3189
Khammam,80.2472,17.6777
Khammam,80.4804,18.5765
Warangal,80.2797,17.971
Khammam,80.6783,18.008
Mahbubnagar,77.4519,16.7565
Khammam,81.0874,17.4094
Khammam,80.3537,17.6287
Khammam,80.3862,17.6546
Khammam,80.3625,17.6816
Khammam,80.3385,17.6776
Khammam,80.3263,17.6756
Khammam,80.3729,17.6936
Khammam,80.3608,17.6916
Khammam,80.4255,17.7434
Khammam,80.4275,17.7334
Adilabad,79.1181,19.17
Adilabad,79.3007,19.0049
Adilabad,79.3193,19.2146
Warangal,80.0284,18.3552
Warangal,80.0409,18.3573
Adilabad,79.3525,19.2525
Warangal,79.8414,18.1314
Warangal,80.2589,18.2602
Warangal,80.2301,18.1834
Warangal,80.1418,17.7581
Warangal,80.1294,17.7561
Warangal,80.0475,18.2469
Khammam,80.2953,17.752
Khammam,80.3446,17.8222
Khammam,80.3326,17.8203
Khammam,80.3309,17.8304
Khammam,80.2849,17.8432
Khammam,80.2953,17.8553
Khammam,80.283,17.8533
Khammam,80.2931,17.8653
Adilabad,79.3643,19.5701
Adilabad,79.1851,19.3442
Adilabad,79.1871,19.3337
Adilabad,79.1734,19.293
Warangal,79.9448,18.394
Adilabad,79.515,19.3998
Adilabad,79.5279,19.4019
Warangal,80.0918,18.1089
Warangal,80.1042,18.1109
Warangal,80.0796,18.0675
Warangal,80.0463,18.0411
Warangal,80.092,17.9661
Adilabad,78.7794,19.227
Adilabad,78.8533,19.2283
Adilabad,78.9001,19.2139
Warangal,80.2797,17.9756
Adilabad,78.5111,19.2401
Warangal,80.3298,18.1787
Warangal,80.2819,18.171
Karimnagar,78.823,18.5884
Adilabad,78.7663,19.0401
Adilabad,78.5129,19.1819
Adilabad,78.6405,19.1581
Warangal,80.1614,17.896
Warangal,80.1421,17.8615
Warangal,80.1491,17.8941
Warangal,80.2305,17.8655
Adilabad,78.6553,19.1606
Adilabad,79.0328,19.1556
Warangal,80.3339,18.1588
Adilabad,78.6979,19.3529
Warangal,80.2238,18.0082
Adilabad,78.7,19.3419
Nizamabad,78.0351,18.5785
Karimnagar,78.8963,18.6007
Warangal,80.2003,18.0348
Adilabad,78.6528,19.2986
Warangal,80.1386,17.9213
Khammam,80.2714,17.9536
Warangal,80.1104,17.8249
Khammam,80.3536,17.9773
Warangal,80.4261,18.0819
Warangal,80.3462,18.1205
Khammam,80.285,17.9454
Khammam,80.2832,17.9555
Warangal,80.2815,17.9656
Warangal,80.4688,18.15
Khammam,80.7678,18.2687
Khammam,80.7236,18.2517
Khammam,80.7698,18.259
Khammam,80.3833,17.6024
Khammam,80.5121,18.5773
Khammam,80.4968,18.4932
Khammam,80.2389,17.6717
Khammam,80.4758,18.5816
Warangal,80.5435,18.1009
Khammam,80.7158,18.3333
Khammam,80.7369,18.142
Khammam,80.1843,17.6942
Warangal,80.1314,17.7459
Khammam,80.2925,17.8443
Khammam,80.307,17.7871
Khammam,80.3209,17.7888
Khammam,80.3354,17.8386
Khammam,80.7663,18.2554
Khammam,80.802,17.9508
Khammam,80.2305,17.6862
Warangal,80.1502,17.9398
Adilabad,78.7937,19.245
Adilabad,78.782,19.2435
Khammam,80.4583,17.714
Adilabad,78.6021,19.2238
Khammam,80.2868,17.9255
Adilabad,78.6101,19.1114
Adilabad,78.7575,19.1545
Adilabad,78.759,19.1634
Adilabad,78.5552,19.2307
Adilabad,78.5458,19.2321
Karimnagar,78.9081,18.9943
Karimnagar,78.5924,18.4324
Adilabad,78.6787,19.3048
Adilabad,78.6881,19.3034
Adilabad,78.7891,19.2511
Adilabad,78.7984,19.2497
Adilabad,78.8642,19.24
Adilabad,78.7783,19.2435
Adilabad,78.7876,19.2422
Adilabad,78.7256,19.2148
Adilabad,78.6115,19.2224
Nizamabad,78.0194,18.507
Nizamabad,78.01,18.5083
Nizamabad,78.1568,18.5237
Adilabad,79.1571,19.2886
Khammam,80.3212,17.7993
Karimnagar,79.1457,18.737
Adilabad,79.2974,19.0183
Adilabad,79.168,19.2961
Khammam,80.2236,17.6842
Khammam,80.2337,17.6826
Karimnagar,79.0477,18.263
Karimnagar,79.0383,18.2645
Ranga Reddy,77.8396,17.5381
Medak,77.7896,17.6928
Mahbubnagar,78.0105,16.8317
Karimnagar,78.5635,18.4204
Warangal,80.1924,17.8363
Warangal,80.2152,17.8387
Khammam,80.2986,17.8958
Karimnagar,79.1367,18.7074
Khammam,80.5444,16.8216
Warangal,80.1958,17.8149
Warangal,80.1855,17.8657
Warangal,80.2059,17.8693
Warangal,80.2109,17.8439
Warangal,80.1752,17.8111
Warangal,80.1797,17.8123
Khammam,80.3005,17.8335
Khammam,80.2884,17.7922
Khammam,80.3159,17.8369
Khammam,80.296,17.8332
Khammam,80.3081,17.7958
Warangal,79.9517,18.3911
Adilabad,79.8128,19.2906
Adilabad,79.2615,19.0285
Karimnagar,79.1364,18.705
Adilabad,78.4569,19.7639
Adilabad,79.2955,18.997
Khammam,80.5854,18.4784
Khammam,80.5786,18.5149
Warangal,80.2381,17.981
Medak,77.5677,17.6214
Medak,77.5577,17.6199
Warangal,80.1719,18.0983
Warangal,80.2218,17.8292
Warangal,80.2392,18.1347
Warangal,80.231,18.1243
Warangal,80.1878,17.9715
Warangal,80.2405,18.1256
Warangal,80.1789,18.0531
Warangal,80.3319,18.1751
Warangal,80.2123,17.8279
Warangal,80.2806,18.1867
Warangal,80.2211,17.8565
Warangal,80.0033,17.8174
Khammam,80.6136,18.4158
Khammam,80.8056,17.9541
Adilabad,78.9813,19.2197
Adilabad,78.9423,19.2233
Adilabad,79.0276,19.1715
Karimnagar,80.2915,18.6293
Karimnagar,80.2899,18.6384
Adilabad,79.1013,19.1911
Adilabad,79.0852,19.1515
Adilabad,79.8248,19.2826
Khammam,80.3002,17.8579
Khammam,80.3099,17.8565
Adilabad,79.84,19.2834
Adilabad,79.8296,19.2848
Khammam,80.0364,17.2778
Khammam,79.9833,17.1387
Warangal,79.8258,18.2361
Ranga Reddy,77.9316,17.2242
Medak,77.6995,17.5292
Ranga Reddy,77.9297,17.1637
Khammam,80.8054,17.9511
Khammam,80.6287,17.1846
Khammam,80.2648,17.6417
Khammam,80.772,18.2413
Warangal,80.221,17.8598
Khammam,80.2854,17.9147
Adilabad,78.5643,19.2913
Adilabad,78.8377,19.225
Adilabad,78.8502,19.1116
Adilabad,79.0207,19.1908
Warangal,80.2113,17.8612
Khammam,80.8192,17.4885
Khammam,80.8098,17.4899
Khammam,80.1147,17.7002
Khammam,80.7711,17.2562
Khammam,80.7617,17.2576
Khammam,80.5117,17.3088
Khammam,80.7433,18.1492
Khammam,80.6846,18.3703
Khammam,80.7702,18.2429
Khammam,80.479,17.752
Khammam,80.2875,17.9116
Warangal,80.3892,18.1974
Warangal,80.3908,18.1865
Warangal,80.1815,17.8172
Warangal,80.3201,18.167
Warangal,80.3344,18.1688
Warangal,80.1675,18.0908
Warangal,80.2593,17.9769
Warangal,80.2453,17.9753
Warangal,80.2287,17.9951
Warangal,80.2106,17.8587
Warangal,80.1683,17.8156
Warangal,80.2179,17.8543
Warangal,80.1633,18.2405
Khammam,80.2737,17.8503
Warangal,80.234,17.7764
Ranga Reddy,77.9266,17.1687
Ranga Reddy,78.1813,17.2956
Ranga Reddy,78.1799,17.305
Medak,78.2437,17.6424
Ranga Reddy,78.1902,17.3063
Nizamabad,77.9777,18.2971
Nizamabad,77.9763,18.3065
Nizamabad,77.9528,18.3481
Adilabad,78.5218,19.1665
Adilabad,79.0166,19.1887
Adilabad,78.5401,19.0863
Adilabad,78.8397,19.1248
Adilabad,78.1894,19.3785
Adilabad,79.0758,19.3791
Nizamabad,78.5205,18.6773
Nizamabad,78.1402,18.7304
Nizamabad,78.1508,18.7318
Nizamabad,78.0655,18.5852
Nizamabad,78.0276,18.5513
Nizamabad,78.1473,18.5132
Nizamabad,78.1818,18.4984
Adilabad,78.6637,19.3882
Adilabad,78.7189,19.3349
Adilabad,78.7305,19.3364
Adilabad,78.7204,19.3251
Adilabad,78.6017,19.2977
Adilabad,78.7316,19.2944
Adilabad,78.5643,19.2331
Adilabad,78.576,19.2346
Adilabad,78.6793,19.2067
Adilabad,78.4706,19.7912
Adilabad,79.821,19.2968
Adilabad,79.2736,19.0371
Adilabad,79.2032,19.0903
Adilabad,79.0846,19.1867
Adilabad,79.1358,19.3968
Adilabad,79.3885,18.9514
Adilabad,79.1296,19.4971
Adilabad,79.8451,19.2722
Khammam,80.8079,17.9575
Adilabad,79.1648,19.3205
Warangal,80.3733,18.1968
Warangal,79.9634,18.392
Khammam,80.6178,18.3745
Warangal,80.3505,18.2059
Warangal,80.3607,18.2075
Warangal,80.3016,18.189
Warangal,80.3491,18.2152
Khammam,80.343,17.8454
Khammam,80.4608,17.6503
Medak,78.3842,17.6725
Mahbubnagar,78.1539,16.788
Medak,78.3772,17.6709
Ranga Reddy,78.3964,17.6686
Khammam,80.4523,17.7961
Adilabad,79.4324,19.2065
Khammam,80.3018,17.8145
Khammam,80.2949,17.8117
Warangal,80.2793,18.2854
Karimnagar,78.8096,18.6224
Warangal,80.3513,18.2182
Warangal,80.273,18.2833
Warangal,80.3048,18.1909
Khammam,80.5926,18.4122
Khammam,80.5759,17.3442
Khammam,80.5218,18.5045
Khammam,80.5132,18.494
Warangal,80.5348,18.1106
Khammam,80.6089,17.5972
Khammam,80.6187,17.5985
Khammam,80.4806,18.6265
Khammam,80.6291,18.3447
Khammam,80.8031,17.366
Khammam,80.813,17.3674
Khammam,80.1778,17.685
Khammam,80.1792,17.6759
Khammam,80.1886,17.6772
Khammam,80.1982,17.6785
Khammam,80.6541,18.0342
Khammam,80.6854,18.3052
Khammam,80.5757,17.9885
Khammam,80.5586,17.9674
Khammam,80.7613,18.1599
Khammam,80.7513,18.1586
Khammam,80.6577,18.358
Khammam,80.6152,18.3964
Khammam,80.6991,17.5076
Khammam,81.0917,17.3483
Khammam,80.3256,17.6589
Khammam,80.3091,17.6381
Khammam,80.4557,17.6489
Khammam,80.5729,17.6649
Khammam,80.4654,17.6503
Khammam,80.7712,17.2797
Khammam,80.4732,17.7532
Karimnagar,80.1233,18.6062
Warangal,80.3052,18.5663
Warangal,80.2447,18.4761
Warangal,80.2339,18.5101
Warangal,80.2437,18.5115
Warangal,80.2422,18.5206
Warangal,80.2954,18.565
Khammam,80.3617,17.976
Khammam,80.352,17.9747
Khammam,80.3213,17.9798
Warangal,80.3678,18.088
Warangal,80.4534,18.1182
Warangal,80.2408,18.5297
Karimnagar,80.2515,18.6795
Khammam,80.3116,17.9521
Mahbubnagar,78.6994,16.2128
Mahbubnagar,78.6015,16.1425
Medak,78.365,18.08
Medak,78.3744,18.0813
Mahbubnagar,78.5923,16.1602
Medak,78.0396,17.8843
Mahbubnagar,78.7088,16.2142
Mahbubnagar,78.6703,16.1342
Mahbubnagar,78.6689,16.1432
Mahbubnagar,78.6608,16.1328
Mahbubnagar,78.7991,16.1072
Nalgonda,78.9944,17.0662
Mahbubnagar,79.0067,16.4786
Medak,78.1892,17.7037
Nizamabad,78.0298,18.27
Nizamabad,78.0202,18.2686
Ranga Reddy,78.2306,17.3042
Medak,78.1797,17.7023
Ranga Reddy,77.773,17.5125
Ranga Reddy,77.8217,17.5199
Ranga Reddy,77.7394,17.4521
Ranga Reddy,77.7409,17.4429
Ranga Reddy,77.612,17.3411
Ranga Reddy,77.6219,17.3426
Mahbubnagar,78.5508,16.0982
Mahbubnagar,78.5413,16.0967
Mahbubnagar,78.4147,16.0965
Ranga Reddy,78.6467,17.2547
Ranga Reddy,78.6561,17.2561
Mahbubnagar,78.4447,16.9493
Medak,78.242,17.9794
Medak,78.3272,17.7517
Mahbubnagar,78.6122,16.1349
Adilabad,79.0934,19.1337
Adilabad,79.1549,19.1698
Adilabad,79.0997,19.1725
Khammam,80.3441,17.8454
Khammam,80.3455,17.8364
Warangal,80.0632,18.2579
Warangal,80.0536,18.2566
Warangal,80.1098,18.3002
Warangal,80.0778,17.9649
Warangal,80.1871,17.7776
Warangal,79.6398,18.3178
Karimnagar,79.7264,18.6612
Warangal,80.004,18.1755
Warangal,79.7146,17.9328
Warangal,79.9274,18.423
Warangal,80.0396,18.3737
Warangal,80.03,18.3724
Warangal,80.2334,18.1516
Warangal,80.235,18.2075
Warangal,80.0792,17.9559
Karimnagar,80.1019,18.4379
Warangal,80.2253,18.2062
Warangal,80.2239,18.2152
Warangal,80.2328,18.2441
Warangal,80.2662,18.2858
Warangal,80.1775,17.7763
Warangal,80.0928,17.8199
Warangal,80.0941,17.8109
Warangal,80.0901,17.7735
Warangal,80.0997,17.7748
Khammam,80.1013,17.6744
Nalgonda,79.1059,17.2206
Adilabad,79.148,19.0683
Adilabad,79.2266,19.1434
Nizamabad,78.0143,18.5448
Warangal,80.354,18.2979
Warangal,80.294,18.2989
Warangal,80.3821,18.311
Warangal,80.183,17.8047
Warangal,80.2759,18.2872
Warangal,80.3442,18.2965
Warangal,80.1735,17.8034
Warangal,80.3013,18.1609
Khammam,80.409,17.7816
Nizamabad,78.0074,18.5524
Warangal,80.3992,18.1742
Warangal,80.409,18.1755
Warangal,80.2861,18.196
Warangal,80.2959,18.1973
Warangal,80.2771,18.0109
Warangal,80.255,18.0264
Warangal,80.2453,18.025
Warangal,80.2568,18.1006
Nizamabad,78.5831,18.7012
Warangal,80.2473,18.0993
Warangal,80.3056,18.1986
Warangal,80.3838,18.2093
Nizamabad,78.5182,18.6278
Karimnagar,78.8134,18.6156
Karimnagar,78.8659,18.5866
Warangal,80.3236,18.3943
Warangal,80.3559,18.1962
Warangal,80.2066,18.3782
Karimnagar,80.2052,18.3873
Warangal,80.2549,17.9615
Warangal,80.3432,18.2131
Warangal,80.2848,18.2051
Warangal,80.2751,18.2037
Khammam,80.3773,17.8221
Khammam,80.408,17.817
Khammam,80.4177,17.8184
Adilabad,78.4959,19.1041
Warangal,80.1721,17.8125
Karimnagar,78.8753,18.588
Warangal,80.1352,17.7981
Warangal,80.2458,18.1348
Warangal,80.1448,17.7995
Khammam,80.4023,17.7884
Warangal,80.2967,18.2807
Adilabad,78.6666,19.1
Adilabad,78.8759,19.1118
Warangal,80.2245,17.9401
Warangal,80.2508,17.9887
Warangal,80.2149,17.9387
Warangal,80.2411,17.9874
Khammam,80.4509,18.6226
Warangal,80.1497,18.2698
Khammam,80.4634,17.7519
Khammam,80.7262,17.8064
Khammam,80.7307,17.6863
Khammam,80.7209,17.685
Warangal,80.1484,18.2789
Warangal,80.1194,18.3015
Warangal,80.4693,18.1743
Warangal,80.4706,18.1652
Warangal,80.1401,18.2685
Khammam,80.7869,17.84
Khammam,80.7162,17.8051
Warangal,80.1387,18.2776
Karimnagar,80.1955,18.386
Adilabad,78.744,19.4796
Adilabad,79.0225,19.2345
Adilabad,78.7534,19.4809
Adilabad,78.9991,19.4245
Adilabad,79.0085,19.4258
Adilabad,78.4775,19.7823
Adilabad,78.3399,19.5781
Adilabad,78.3184,19.892
Khammam,80.8037,17.9545
Mahbubnagar,78.6267,16.1316
Adilabad,78.2432,19.1853
Adilabad,79.1123,19.2004
Khammam,80.3434,17.4931
Khammam,80.2482,17.6819
Warangal,80.096,18.2927
Warangal,80.2353,18.2386
Warangal,80.1616,18.2646
Warangal,80.4622,18.1583
Khammam,80.8858,17.4461
Warangal,80.3124,18.2913
Warangal,80.1606,17.8157
Warangal,80.1475,17.8206
Warangal,80.3734,18.2266
Warangal,80.1665,17.8171
Karimnagar,80.2896,18.5857
Mahbubnagar,77.6623,16.652
Khammam,80.3527,17.8067
Khammam,80.3474,17.813
Khammam,80.346,17.7994
Khammam,81.2385,17.7452
Khammam,80.4402,17.6065
Khammam,80.393,17.4053
Khammam,80.8006,17.9478
Khammam,80.2047,17.6632
Khammam,80.2134,17.6741
Khammam,80.2033,17.6726
Khammam,80.3459,17.7861
Warangal,80.0986,17.7578
Adilabad,79.542,19.3326
Adilabad,79.5526,19.3342
Warangal,79.9794,17.9686
Karimnagar,79.0922,18.1242
Warangal,80.0145,18.1043
Warangal,80.0128,18.1137
Warangal,80.0025,18.1121
Khammam,80.9591,17.482
Khammam,80.3237,17.6434
Warangal,80.2509,18.4811
Warangal,80.2625,18.4734
Warangal,80.116,17.7797
Khammam,80.3509,17.9903
Khammam,80.3167,17.9471
Khammam,80.3152,17.9564
Warangal,80.2358,17.9347
Khammam,80.4,17.9156
Khammam,80.4116,17.9079
Khammam,80.3777,17.8648
Warangal,80.2091,17.8771
Warangal,80.1807,17.7962
Warangal,80.2457,18.0195
Warangal,80.337,18.2909
Warangal,80.2734,18.3001
Khammam,80.3864,17.8803
Adilabad,78.5113,19.024
Adilabad,78.8584,19.2015
Adilabad,78.8453,19.1019
Adilabad,78.5619,19.1914
Karimnagar,79.027,18.3253
Khammam,80.3108,17.9446
Khammam,80.0998,17.6822
Khammam,80.1074,17.683
Adilabad,78.4469,19.7938
Warangal,80.1479,17.7943
Warangal,80.1431,17.791
Khammam,80.7946,17.9457
Warangal,80.3481,18.2824
Warangal,80.1915,17.7238
Warangal,80.0333,17.893
Khammam,80.3691,18.0311
Khammam,80.8062,17.9502
Khammam,80.3953,17.7538
Warangal,80.3458,18.287
Khammam,80.2281,17.6218
Khammam,81.4832,17.5316
Ranga Reddy,77.6871,17.5074
Karimnagar,78.671,18.3166
Khammam,80.3213,17.6269
Khammam,80.4551,17.7082
Khammam,80.1818,17.6675
Khammam,80.2803,17.6839
Khammam,80.437,17.6485
Khammam,80.2865,17.68
Ranga Reddy,78.002,17.3332
Warangal,80.2614,17.9683
Warangal,80.279,18.3718
Warangal,80.2404,17.8983
Warangal,80.159,17.8403
Warangal,80.2463,17.8986
Adilabad,78.6316,19.0408
Warangal,80.1846,18.2848
Warangal,80.3967,18.0889
Khammam,80.3566,17.8905
Mahbubnagar,78.4226,16.8697
Medak,78.3046,18.1414
Medak,78.9435,18.2203
Medak,78.9421,18.2294
Adilabad,78.7344,19.2223
Adilabad,78.8598,19.2019
Karimnagar,78.6666,18.7709
Karimnagar,78.5938,18.4304
Karimnagar,78.9279,19.0367
Karimnagar,78.8645,18.6044
Karimnagar,78.6764,18.7722
Adilabad,78.3838,19.2471
Adilabad,78.2264,19.4185
Nizamabad,78.3641,18.4809
Adilabad,78.4506,19.2006
Khammam,80.8066,17.9513
Warangal,79.6737,17.963
Warangal,79.683,17.9617
Adilabad,78.2987,19.2501
Khammam,80.4009,17.9169
Adilabad,78.7488,19.2479
Adilabad,78.7426,19.2448
Mahbubnagar,78.7407,16.2242
Ranga Reddy,78.677,17.1988
Mahbubnagar,78.7418,16.1741
Khammam,80.1473,17.6411
Khammam,80.6268,17.8708
Khammam,80.6827,17.9001
Karimnagar,78.9923,18.8246
Warangal,80.2175,17.8939
Warangal,80.2286,17.8883
Warangal,80.3294,18.1003
Warangal,80.3309,18.1125
Khammam,80.725,17.8353
Warangal,80.4508,18.1651
Khammam,80.5323,17.8363
Khammam,80.5835,17.8986
Khammam,80.4768,17.9107
Khammam,80.6491,17.7422
Khammam,80.4978,17.8131
Khammam,80.5072,17.8145
Khammam,80.563,17.8225
Khammam,80.5723,17.8239
Khammam,80.5365,17.8096
Khammam,80.5424,17.7542
Khammam,80.5667,17.7212
Khammam,80.5879,17.6236
Khammam,80.5944,17.6428
Khammam,80.5529,17.6642
Khammam,80.523,17.6967
Khammam,80.4657,17.6976
Khammam,80.2333,17.7187
Khammam,80.1397,17.7051
Khammam,80.2319,17.7277
Khammam,81.0018,17.4893
Khammam,80.8065,17.4616
Khammam,80.9725,17.4943
Khammam,80.9632,17.493
Khammam,80.999,17.5072
Khammam,80.9548,17.5465
Khammam,80.9534,17.5555
Warangal,80.2051,17.7342
Khammam,80.5574,17.8582
Khammam,80.5466,17.8658
Khammam,80.2719,17.6327
Khammam,80.4564,17.6962
Khammam,81.0549,17.5151
Khammam,80.7284,17.9467
Khammam,80.6948,17.9784
Khammam,80.6854,17.9771
Khammam,80.6572,17.9927
Khammam,80.3572,17.4151
Khammam,80.4189,17.6084
Khammam,80.1885,17.5566
Khammam,80.1792,17.5552
Khammam,80.2001,17.604
Khammam,80.6272,18.0614
Warangal,80.1274,17.7411
Khammam,80.6888,17.8955
Khammam,80.6781,17.9031
Khammam,80.4762,17.6075
Khammam,80.1986,17.6129
Khammam,80.1504,17.6151
Khammam,80.5332,17.9932
Khammam,80.9044,17.9808
Khammam,80.6185,17.9963
Khammam,80.5499,17.9303
Khammam,80.8179,17.3705
Khammam,80.8644,17.3771
Khammam,80.8737,17.3784
Khammam,80.875,17.3695
Khammam,80.8863,17.3343
Khammam,80.6842,18.2264
Khammam,80.5798,17.2904
Khammam,80.2326,17.6638
Khammam,80.639,17.8243
Khammam,80.6169,17.7649
Khammam,80.1217,17.6384
Khammam,80.1405,17.6412
Khammam,80.1498,17.6425
Khammam,80.1232,17.6295
Khammam,80.1325,17.6309
Khammam,80.1957,17.6308
Khammam,80.7417,18.2255
Khammam,80.1412,17.6962
Khammam,80.8044,17.9484
Khammam,80.7419,17.9213
Medak,78.2042,18.2065
Mahbubnagar,78.7443,16.1869
Mahbubnagar,78.682,16.1773
Mahbubnagar,78.6921,16.1789
Medak,78.3194,17.6902
Ranga Reddy,77.9475,16.8839
Warangal,80.3855,18.1837
Warangal,80.3656,18.2723
Warangal,80.3711,18.1542
Khammam,80.4047,17.7997
Khammam,80.418,17.9205
Warangal,80.3539,18.3633
Warangal,80.2764,18.1496
Nizamabad,78.5489,18.7495
Khammam,80.4194,17.9115
Warangal,80.2332,17.959
Warangal,80.2004,17.9073
Nizamabad,78.6021,18.6565
Warangal,80.2685,18.1394
Warangal,80.222,17.8921
Nizamabad,78.5286,18.5976
Karimnagar,78.6847,18.5763
Warangal,80.3575,18.1796
Warangal,80.3181,18.2107
Khammam,80.4033,17.8086
Khammam,80.3725,17.8224
Warangal,80.2778,18.1407
Warangal,80.2699,18.1304
Karimnagar,78.6862,18.567
Warangal,80.2744,18.0839
Warangal,80.2282,17.9309
Warangal,80.1411,17.9365
Warangal,80.191,17.9059
Adilabad,79.0546,19.0847
Warangal,80.2289,17.9858
Warangal,80.2758,18.075
Warangal,80.3244,18.3682
Warangal,80.3144,18.312
Warangal,80.305,18.3106
Warangal,80.277,18.3066
Warangal,80.4035,18.3522
Warangal,80.3942,18.3509
Khammam,80.4362,17.8408
Khammam,80.6911,17.6931
Khammam,80.7352,17.8001
Khammam,80.7445,17.8014
Khammam,80.4269,17.8394
Khammam,80.6584,17.7435
Warangal,80.4472,18.156
Warangal,80.4365,18.1636
Khammam,80.755,17.8135
Warangal,80.1064,18.1341
Warangal,80.0899,17.7356
Warangal,80.0711,18.2766
Warangal,80.0617,18.2753
Karimnagar,80.0652,18.6155
Warangal,79.9191,18.4844
Warangal,79.9176,18.4933
Karimnagar,79.9076,18.5194
Adilabad,79.9165,19.2855
Warangal,80.1914,17.7596
Warangal,80.1259,17.7501
Warangal,80.2181,17.7727
Warangal,80.1713,17.7658
Warangal,80.1619,17.7645
Warangal,80.1245,17.759
Warangal,80.123,17.768
Karimnagar,80.029,18.6012
Karimnagar,80.0196,18.5998
Karimnagar,79.9654,18.6572
Warangal,79.9908,18.4582
Warangal,79.9273,18.0335
Warangal,80.267,18.1483
Warangal,80.2504,18.2936
Warangal,80.2432,18.3382
Warangal,80.2338,18.3369
Adilabad,79.2292,19.0366
Adilabad,79.2389,19.038
Karimnagar,79.8647,18.7066
Warangal,80.0548,17.8586
Karimnagar,79.7281,18.6316
Karimnagar,80.0867,18.5179
Khammam,80.3258,17.8157
Warangal,80.277,18.5272
Warangal,80.29,18.1242
Warangal,80.3196,18.0996
Karimnagar,80.1121,18.6223
Warangal,80.329,18.101
Warangal,80.3065,17.9788
Warangal,80.2677,18.5259
Karimnagar,80.3117,18.6329
Warangal,80.3016,18.0331
Warangal,80.2909,18.0407
Warangal,80.3476,18.1037
Warangal,80.4409,18.1171
Warangal,80.3548,18.0591
Warangal,80.3455,18.0577
Karimnagar,80.2541,18.6337
Warangal,80.3534,18.068
Warangal,80.3799,18.0809
Warangal,80.3706,18.0796
Warangal,80.4424,18.1082
Karimnagar,80.2526,18.6624
Warangal,80.4395,18.126
Warangal,80.3103,18.0983
Warangal,80.3462,18.1126
Adilabad,79.8656,19.4623
Adilabad,79.8562,19.461
Adilabad,79.8576,19.452
Adilabad,79.8671,19.4534
Adilabad,79.5231,19.4213
Adilabad,79.8988,19.4122
Adilabad,79.9082,19.4135
Adilabad,79.5246,19.4124
Adilabad,79.0969,19.2384
Adilabad,79.0871,19.2369
Adilabad,79.1592,19.2013
Adilabad,78.3404,19.8513
Adilabad,78.4023,19.5201
Adilabad,79.0832,19.1807
Adilabad,78.1457,19.1206
Adilabad,78.9948,19.1674
Adilabad,78.9789,19.2023
Adilabad,78.9691,19.2008
Adilabad,78.9711,19.21
Adilabad,79.0569,19.2974
Adilabad,78.6204,19.4068
Adilabad,78.7067,19.5303
Adilabad,78.5749,19.3716
Adilabad,78.6851,19.3884
Adilabad,78.5821,19.3082
Adilabad,78.7023,19.3264
Adilabad,78.5837,19.299
Adilabad,78.7139,19.3188
Adilabad,78.6409,19.2304
Ranga Reddy,77.9691,17.2152
Nizamabad,78.0155,18.2536
Warangal,80.3512,18.3691
Warangal,80.2632,18.1422
Warangal,80.3106,18.3189
Warangal,80.3557,18.311
Warangal,80.3758,18.284
Warangal,80.3736,18.2729
Khammam,81.1268,17.2867
Khammam,80.5334,17.8172
Warangal,79.5517,17.9717
Karimnagar,79.9163,18.443
Khammam,80.4344,17.9505
Warangal,80.319,18.1095
Warangal,80.2983,18.1124
Warangal,80.3133,18.1099
Warangal,80.3041,18.1121
Warangal,80.3285,18.1073
Khammam,80.7999,17.9521
Khammam,80.9724,17.3252
Khammam,80.9616,17.3269
Medak,78.3749,17.6992
Khammam,80.802,17.9538
Warangal,79.7351,17.8523
Khammam,80.6642,17.0687
Khammam,80.8067,17.9506
Khammam,80.187,17.6431
Khammam,80.1773,17.6445
Ranga Reddy,77.725,17.5276
Ranga Reddy,77.8469,17.5346
Khammam,80.8036,17.9522
Medak,77.9675,17.605
Khammam,80.2868,17.6009
Khammam,80.1783,17.6311
Medak,77.7567,17.5966
Medak,77.8006,17.6576
Medak,78.0389,17.6201
Adilabad,79.6205,19.4586
Karimnagar,78.956,18.794
Adilabad,79.8946,19.3613
Ranga Reddy,77.8544,17.5283
Adilabad,79.9323,19.4331
Warangal,79.8405,18.1482
Warangal,79.851,18.1498
Warangal,79.2667,17.6103
Karimnagar,80.1103,18.4465
Nalgonda,79.1036,17.4703
Nalgonda,79.1152,17.4721
Warangal,79.9067,18.4889
Karimnagar,80.1043,18.5921
Karimnagar,80.0941,18.5905
Karimnagar,80.1027,18.6013
Warangal,80.0933,17.7508
Warangal,80.0304,17.9
Warangal,80.0638,17.7367
Warangal,79.8449,18.1537
Khammam,80.5947,18.3167
Khammam,80.6737,18.3286
Khammam,80.636,18.3136
Khammam,80.7812,18.1138
Khammam,80.7715,18.1123
Khammam,81.4292,17.5098
Khammam,81.4386,17.5112
Khammam,80.7504,17.9526
Khammam,80.454,17.917
Medak,78.3968,17.7869
Ranga Reddy,77.7952,17.4807
Nalgonda,78.9766,17.2349
Warangal,80.1312,17.9508
Nizamabad,78.4894,18.4489
Warangal,80.2905,18.2516
Warangal,80.3005,18.2532
Warangal,80.186,17.9974
Warangal,80.2236,18.3626
Khammam,80.9233,18.127
Karimnagar,80.1734,18.6122
Khammam,80.417,17.9759
Khammam,80.3808,18.0081
Karimnagar,80.1128,18.6029
Khammam,80.3792,18.0173
Warangal,80.2284,18.4834
Khammam,80.3708,18.0066
Karimnagar,80.1681,18.5829
Karimnagar,80.1697,18.5737
Karimnagar,80.1144,18.5936
Adilabad,79.8376,19.1333
Adilabad,79.8455,19.2618
Adilabad,79.8557,19.2634
Adilabad,79.8947,19.2539
Adilabad,79.8821,19.2043
Adilabad,79.8838,19.1951
Adilabad,79.9109,19.4504
Adilabad,79.9024,19.4396
Adilabad,79.926,19.4242
Adilabad,79.9362,19.4258
Adilabad,78.5549,19.0445
Adilabad,78.5429,19.0426
Adilabad,78.6104,19.4265
Adilabad,78.5406,18.957
Khammam,80.8408,17.6933
Ranga Reddy,78.0943,17.1428
Khammam,80.9407,18.0262
Warangal,80.3347,18.5488
Warangal,80.2317,18.4837
Khammam,80.8013,17.9519
Warangal,80.25,17.8456
Warangal,80.2901,18.3189
Adilabad,78.5805,19.5203
Karimnagar,80.1426,18.599
Karimnagar,80.1333,18.6004
Warangal,80.0415,18.3191
Warangal,80.1041,18.2916
Adilabad,79.8488,19.4066
Adilabad,79.9434,19.3929
Warangal,80.0509,18.3177
Medak,78.6176,17.8335
Khammam,81.1675,17.55
Khammam,80.8242,17.0582
Khammam,80.3711,16.8962
Mahbubnagar,78.6246,16.1793
Mahbubnagar,78.6372,16.1809
Medak,78.6149,17.8362
Medak,78.3121,17.7175
Khammam,80.4942,18.1082
Khammam,80.4996,18.1067
Khammam,80.8093,17.953
Khammam,80.8018,17.951
Khammam,80.8783,17.447
Khammam,80.7827,17.5004
Khammam,81.4224,17.5185
Khammam,81.4356,17.5201
Mahbubnagar,78.7067,16.1182
Mahbubnagar,78.731,16.1683
Mahbubnagar,77.5983,16.4038
Mahbubnagar,77.7565,16.177
Mahbubnagar,78.7161,16.1195
Karimnagar,79.0174,18.3213
Karimnagar,80.1563,18.6534
Khammam,80.7982,17.9513
Khammam,80.6816,18.3837
Adilabad,79.9085,19.4279
Warangal,80.2448,18.4003
Karimnagar,78.6261,18.582
Warangal,80.2319,18.4087
Warangal,80.2334,18.3989
Nizamabad,78.0523,18.5758
Warangal,80.3164,18.3894
Mahbubnagar,78.703,16.133
Mahbubnagar,77.8476,16.5289
Mahbubnagar,78.5914,16.1187
Mahbubnagar,78.5834,16.1074
Khammam,81.2196,17.3433
Warangal,80.1373,18.0732
Khammam,80.6702,18.3066
Khammam,81.4405,17.5124
Karimnagar,80.2089,18.5632
Karimnagar,80.2056,18.6086
Karimnagar,80.1326,18.5613
Karimnagar,80.1485,18.5818
Warangal,80.2535,18.524
Warangal,80.2974,18.5485
Medak,78.4083,18.053
Karimnagar,78.7895,18.2888
Nizamabad,78.3449,18.2277
Karimnagar,79.6385,18.5442
Adilabad,78.4548,19.7503
Adilabad,78.4506,19.529
Warangal,80.0139,18.305
Adilabad,79.1617,19.3955
Adilabad,79.656,19.4778
Warangal,79.8931,18.4991
Adilabad,79.0844,19.3016
Adilabad,79.6655,19.3967
Karimnagar,80.0637,18.5972
Karimnagar,80.0543,18.5959
Adilabad,79.7675,19.0429
Warangal,80.2298,18.391
Adilabad,78.7165,19.5316
Adilabad,78.5385,19.1812
Adilabad,78.883,19.1691
Adilabad,78.4053,19.6224
Adilabad,78.4351,19.7827
Ranga Reddy,77.9293,17.4095
Khammam,80.8159,17.4726
Khammam,81.4536,17.4412
Khammam,81.5078,17.6824
Adilabad,79.0608,19.4055
Khammam,80.8084,17.9534
Nizamabad,78.2183,18.6147
Karimnagar,78.8585,19.0089
Adilabad,79.0108,19.1615
Khammam,80.3595,17.9125
Khammam,80.604,18.4822
Warangal,79.6878,18.3396
Mahbubnagar,78.023,16.9756
Mahbubnagar,78.7192,16.1072
Medak,78.0357,17.7219
Mahbubnagar,78.7787,16.0875
Mahbubnagar,78.7621,16.0856
Khammam,80.8072,17.9523
Medak,77.7168,17.7509
Khammam,81.4645,17.5761
Medak,77.7205,17.7015
Mahbubnagar,78.806,16.1593
Medak,78.6583,18.2349
Khammam,80.5204,17.9833
Khammam,81.4695,17.6342
Khammam,81.464,17.5911
Khammam,80.6464,18.373
Khammam,80.6396,18.3736
Karimnagar,80.2016,18.5714
Karimnagar,80.1593,18.5663
Adilabad,79.8141,19.142
Karimnagar,79.8984,18.5234
Warangal,80.2947,18.3999
Warangal,80.2956,18.1508
Mahbubnagar,78.7372,16.0838
Mahbubnagar,78.7503,16.086
Khammam,80.1075,17.5599
Khammam,80.1147,17.5564
Khammam,80.8307,17.3137
Khammam,81.4129,17.5029
Khammam,81.4236,17.5043
Khammam,79.8307,17.3152
Khammam,80.736,17.431
Adilabad,79.8688,19.4733
Adilabad,79.859,19.472
Karimnagar,79.8779,18.5083
Warangal,80.2602,18.3491
Adilabad,79.8576,19.481
Adilabad,79.8673,19.4824
Warangal,80.2931,18.4182
Warangal,80.2833,18.4169
Karimnagar,80.1267,18.5796
Khammam,80.8046,17.9528
Karimnagar,79.891,18.5144
Warangal,79.8926,18.5051
Adilabad,78.9091,19.1294
Adilabad,78.9136,19.1328
Warangal,80.2501,18.3848
Adilabad,78.9205,19.1312
Karimnagar,80.1485,18.5444
Adilabad,79.8761,19.4897
Adilabad,78.6338,19.7401
Medak,77.7461,17.5879
Nizamabad,77.6163,18.3272
Karimnagar,78.6706,18.305
Karimnagar,78.6635,18.306
Warangal,80.387,18.3236
Warangal,80.3923,18.3234
Karimnagar,79.8543,18.7285
Adilabad,79.1533,19.313
Karimnagar,79.8979,18.5169
Karimnagar,79.8369,18.5406
Khammam,80.806,17.9526
Khammam,81.1665,17.5135
Medak,78.7676,17.9224
Adilabad,79.2476,19.0509
Adilabad,79.9089,19.4903
Adilabad,79.2727,19.1117
Nizamabad,78.3121,18.693
Karimnagar,78.7138,18.9137
Adilabad,79.8932,19.466
Warangal,80.0286,18.3078
Karimnagar,79.7374,18.6275
Adilabad,79.5407,19.4624
Adilabad,79.7022,18.7156
Adilabad,79.8961,19.4419
Karimnagar,79.7544,18.6294
Warangal,80.2576,18.3708
Nizamabad,78.5559,18.582
Adilabad,79.8692,19.4626
Adilabad,79.8638,19.4656
Adilabad,78.8575,19.1453
Khammam,80.8049,17.9498
Adilabad,78.7623,19.6499
Adilabad,78.765,19.658
Adilabad,79.1794,19.0577
Warangal,80.3254,18.4241
Karimnagar,80.0883,18.5468
Adilabad,79.8722,19.4909
Warangal,80.0149,18.3218
Adilabad,79.5133,19.1485
Adilabad,79.118,19.2624
Adilabad,79.5003,19.1501
Karimnagar,79.7522,18.6108
Karimnagar,79.9215,18.7517
Khammam,80.799,17.9507
Khammam,81.3896,17.5599
Khammam,81.5734,17.7266
Khammam,80.8529,17.361
Karimnagar,80.1207,18.4283
Karimnagar,80.1724,18.4647
Khammam,80.4478,17.92
Warangal,80.4332,18.224
Warangal,80.2144,18.1031
Warangal,80.2147,18.3692
Warangal,80.4406,18.4184
Warangal,79.9181,18.4315
Warangal,79.8991,18.4095
Warangal,79.9549,18.4069
Warangal,80.0614,18.3297
Warangal,80.0724,18.3311
Warangal,80.0295,18.3157
Warangal,80.0737,18.3214
Warangal,79.7441,17.8577
Mahbubnagar,78.0621,16.7905
Medak,78.3241,17.6459
Medak,78.2319,17.7896
Khammam,80.1942,17.1924
Khammam,81.3679,17.4163
Khammam,81.1098,17.3222
Nizamabad,78.2298,18.4615
Adilabad,79.7895,19.2834
Adilabad,79.6828,18.7483
Adilabad,79.8019,19.2752
Adilabad,79.6721,18.7469
Adilabad,79.9253,19.2809
Karimnagar,79.867,18.7723
Adilabad,79.9199,19.278
Adilabad,79.6187,18.8421
Adilabad,79.7458,18.9109
Adilabad,79.666,18.9297
Adilabad,79.6552,18.9283
Adilabad,79.6646,18.9393
Adilabad,79.6538,18.9379
Adilabad,79.7789,19.0174
Adilabad,79.6784,19.0238
Warangal,79.7666,18.4458
Karimnagar,79.8985,18.7862
Karimnagar,79.9149,18.7491
Adilabad,79.1272,19.2166
Adilabad,79.1216,19.2538
Karimnagar,80.0538,18.5735
Adilabad,79.6616,19.3498
Adilabad,79.5486,19.5091
Adilabad,79.409,19.118
Adilabad,79.2756,19.1069
Adilabad,79.2705,19.0423
Karimnagar,80.0555,18.5222
Adilabad,79.2625,19.0984
Adilabad,79.2523,19.0971
Adilabad,79.1693,19.0859
Adilabad,79.177,19.132
Adilabad,79.1227,19.1438
Adilabad,79.1127,19.1424
Karimnagar,80.0358,18.6205
Karimnagar,79.7505,18.593
Karimnagar,79.7611,18.5944
Adilabad,79.2691,19.0517
Karimnagar,79.1355,18.7138
Karimnagar,79.1255,18.7125
Karimnagar,79.1052,18.7097
Adilabad,79.7614,19.3527
Adilabad,79.146,19.3306
Adilabad,79.2873,19.0731
Karimnagar,80.1686,18.5269
Karimnagar,80.2523,18.6285
Karimnagar,80.2678,18.6006
Karimnagar,80.2692,18.5907
Karimnagar,80.2806,18.5922
Karimnagar,80.2636,18.5889
Karimnagar,80.275,18.5904
Adilabad,78.8956,19.1764
Nizamabad,77.8189,18.5229
Adilabad,78.7623,19.6468
Karimnagar,78.7967,18.6584
Adilabad,79.0781,19.2932
Adilabad,78.615,19.2407
Karimnagar,78.5419,18.3575
Karimnagar,79.7503,18.6203
Adilabad,79.2366,19.247
Khammam,81.5117,17.6128
Khammam,80.965,18.138
Khammam,80.8602,17.58
Khammam,80.3385,17.6711
Khammam,80.8175,18.1628
Warangal,80.5203,18.1113
Khammam,81.6184,17.7958
Khammam,81.4072,17.61
Khammam,81.3967,17.5535
Khammam,81.3793,17.5419
Warangal,80.5296,18.1127
Khammam,81.4465,17.5421
Khammam,81.4559,17.5434
Khammam,81.4968,17.5036
Warangal,80.2669,18.4068
Warangal,80.2991,18.282
Adilabad,78.5043,19.1226
Medak,78.6674,18.225
Mahbubnagar,78.6331,16.1519
Mahbubnagar,78.6345,16.1424
Adilabad,79.5187,18.8594
Adilabad,79.2356,19.2324
Warangal,80.0932,18.2523
Adilabad,79.0789,19.3843
Nizamabad,78.2419,18.4613
Adilabad,79.3071,18.9751
Karimnagar,79.9624,18.7129
Adilabad,78.8068,19.6382
Adilabad,78.8167,19.6397
Adilabad,78.681,19.4542
Khammam,81.2326,17.4534
Khammam,81.2392,17.4575
Warangal,80.2672,18.4173
Warangal,80.282,18.4147
Khammam,81.7826,17.8635
Khammam,81.7637,17.8518
Khammam,81.6083,17.8026
Khammam,81.6186,17.8042
Khammam,81.4622,17.6047
Khammam,81.455,17.5506
Khammam,81.4675,17.5429
Khammam,81.4783,17.5445
Adilabad,79.6298,18.8783
Karimnagar,79.5854,18.1421
Warangal,80.156,18.3094
Warangal,80.1632,18.3091
Warangal,80.2402,18.3631
Warangal,80.4015,18.2146
Warangal,80.3897,18.2127
Khammam,81.4482,17.577
Adilabad,79.1975,19.1837
Adilabad,79.9564,19.428
Adilabad,79.3891,19.1732
Warangal,80.0752,18.0621
Adilabad,79.9467,19.4295
Warangal,80.2321,18.1111
Karimnagar,78.6578,18.4433
Adilabad,78.8786,19.2952
Karimnagar,78.6671,18.4419
Ranga Reddy,77.9194,17.5196
Mahbubnagar,77.6716,16.7431
Mahbubnagar,77.6658,16.7439
Karimnagar,78.945,18.6459
Karimnagar,78.9642,18.6479
Karimnagar,78.9526,18.643
Karimnagar,78.9719,18.6453
Adilabad,78.5743,19.0063
Khammam,81.4962,17.6308
Khammam,80.8049,17.9548
Khammam,80.2697,17.1002
Khammam,80.2711,17.0911
Adilabad,78.9049,19.2732
Khammam,81.0172,17.6634
Khammam,80.8015,17.9524
Karimnagar,79.1038,18.4433
Karimnagar,79.0919,18.4418
Adilabad,79.2113,19.3217
Nizamabad,78.4973,18.4767
Khammam,80.8051,17.9472
Warangal,80.2771,18.4549
Warangal,80.2869,18.4562
Warangal,80.2883,18.4471
Medak,78.4239,17.7329
Karimnagar,78.8577,18.3209
Warangal,79.9291,18.0763
Warangal,79.9196,18.075
Warangal,80.0359,18.3477
Karimnagar,79.8442,18.4961
Adilabad,79.6332,19.4604
Khammam,81.7525,17.8642
Khammam,81.7619,17.8656
Khammam,80.5088,17.7079
Khammam,80.954,18.1432
Adilabad,79.1786,19.381
Karimnagar,78.8642,19.0015
Adilabad,78.807,19.609
Karimnagar,78.5812,18.4125
Khammam,80.8053,17.2721
Khammam,81.193,17.7359
Khammam,81.5467,17.6683
Khammam,81.5374,17.6669
Khammam,81.5171,17.6731
Khammam,81.4822,17.6497
Khammam,81.4634,17.6469
Khammam,80.4881,18.6174
Warangal,80.3061,18.5426
Warangal,79.9828,18.4086
Adilabad,79.8635,19.2989
Adilabad,78.0908,19.0852
Warangal,80.1246,17.8107
Khammam,80.8,17.9542
Khammam,80.6694,17.6595
Khammam,80.6822,17.6574
Khammam,81.3486,17.3841
Khammam,80.6038,18.4619
Khammam,80.6803,18.404
Warangal,80.5215,18.1253
Warangal,80.3514,18.1419
Warangal,80.093,17.9477
Warangal,79.9166,18.5067
Warangal,80.0454,18.2747
Adilabad,79.6109,18.877
Adilabad,79.7616,19.1041
Karimnagar,79.7255,18.6395
Warangal,79.9181,18.5011
Warangal,80.1041,18.1416
Khammam,80.3228,17.8325
Warangal,79.8084,18.2863
Adilabad,78.4481,19.7932
Warangal,80.1566,17.9495
Adilabad,78.0181,19.2076
Adilabad,78.8775,19.1565
Warangal,80.2712,18.2739
Warangal,80.2304,17.7915
Khammam,80.9448,18.1541
Khammam,81.5348,17.6576
Khammam,80.5094,18.5889
Mahbubnagar,78.3183,16.9257
Mahbubnagar,78.6097,16.111
Mahbubnagar,78.6083,16.102
Khammam,80.2218,17.6498
Karimnagar,79.6434,18.6302
Karimnagar,79.6499,18.6235
Karimnagar,79.9465,18.6879
Adilabad,78.2582,19.2992
Khammam,81.5443,17.6592
Adilabad,79.8102,19.304
Khammam,80.8025,17.95
Khammam,80.2598,17.7151
Khammam,80.2584,17.7241
Khammam,80.44,18.5452
Khammam,80.2329,17.4513
Khammam,81.5058,17.5973
Khammam,81.5048,17.5881
Khammam,81.2573,17.7073
Karimnagar,80.1161,18.5784
Warangal,79.8192,18.4925
Khammam,81.2556,17.7075
Khammam,81.4932,17.5853
Khammam,80.2348,17.059
Karimnagar,80.1593,18.659
Karimnagar,80.1535,18.6599
Karimnagar,80.1521,18.6696
Adilabad,79.403,18.9068
Adilabad,79.4133,18.9082
Nalgonda,79.2773,16.6843
Warangal,80.0303,18.364
Khammam,81.6768,17.7777
Adilabad,78.9128,19.184
Nizamabad,77.8981,18.7515
Mahbubnagar,77.7331,16.611
Khammam,81.2318,17.7098
Nizamabad,77.9305,18.5913
Nizamabad,77.9356,18.5949
Nizamabad,77.9371,18.5834
Adilabad,78.0627,19.0507
Khammam,81.1024,17.224
Khammam,80.7509,18.0486
Khammam,80.67,18.1155
Khammam,80.7488,18.0582
Khammam,81.238,17.7088
Khammam,80.8964,17.416
Khammam,81.2336,17.705
Khammam,80.8814,17.4142
Warangal,80.0191,17.6974
Adilabad,78.5727,19.0006
Khammam,80.8096,17.952
Khammam,80.8003,17.9494
Karimnagar,79.4343,18.169
Warangal,80.0571,18.3662
Karimnagar,79.087,18.1014
Adilabad,79.6624,18.7618
Nizamabad,78.0851,18.859
Adilabad,78.3358,19.3586
Nizamabad,77.7876,18.472
Nizamabad,77.7736,18.4599
Nizamabad,77.7965,18.464
Khammam,80.8001,17.9476
Nizamabad,77.8899,18.7778
Nizamabad,77.9393,18.6068
Nizamabad,77.9261,18.4538
Medak,78.2149,18.075
Warangal,80.4372,18.307
Warangal,79.7678,18.0372
Ranga Reddy,77.8877,17.2166
Ranga Reddy,77.8981,17.2152
Ranga Reddy,77.9258,17.3605
Medak,77.9133,17.5807
Khammam,80.7051,18.0997
Khammam,80.6921,18.1079
Nizamabad,77.7798,18.5053
Nizamabad,77.7676,18.5038
Khammam,80.8064,17.956
Khammam,80.8,17.9552
Warangal,79.6275,17.9429
Karimnagar,79.4857,18.7538
Nalgonda,79.3894,17.4027
Khammam,80.8032,18.0735
Khammam,80.1878,17.6249
Khammam,80.1865,17.6151
Nizamabad,77.8411,18.643
Nizamabad,77.8242,18.645
Nizamabad,77.8702,18.604
Khammam,80.8127,18.0701
Khammam,81.2467,17.7165
Khammam,81.2349,17.7151
Karimnagar,79.9016,18.6137
Adilabad,79.4362,18.9735
Warangal,79.7479,18.0428
Mahbubnagar,77.3749,16.3888
Nizamabad,77.8161,18.4772
Nizamabad,78.109,18.8584
Nizamabad,78.0781,18.7812
Nizamabad,78.0795,18.7722
Nizamabad,77.9929,18.6859
Nizamabad,77.857,18.603
Nizamabad,77.8075,18.5503
Nizamabad,77.8664,18.6043
Khammam,80.8072,17.9525
Nalgonda,79.022,17.3137
Nizamabad,78.0061,18.6005
Nizamabad,78.0746,18.8536
Nizamabad,78.0769,18.8653
Nizamabad,78.0795,18.8487
Nizamabad,78.0818,18.8604
Nizamabad,77.7909,18.4856
Nizamabad,77.7747,18.4885
Nizamabad,77.8115,18.5058
Nizamabad,77.7907,18.5426
Nizamabad,77.9444,18.748
Warangal,80.6317,18.1686
Khammam,80.4848,18.0521
Khammam,80.6714,18.1393
Khammam,80.6767,18.1337
Nalgonda,79.8662,16.8743
Khammam,81.2727,17.7023
Khammam,80.5946,17.5788
Khammam,80.6039,17.5801
Khammam,80.6703,18.1327
Khammam,80.6689,18.1416
Khammam,80.9228,17.4233
Khammam,81.2633,17.7009
Khammam,80.1061,17.1955
Warangal,80.4676,18.2899
Warangal,80.4808,18.276
Warangal,80.4654,18.2787
Warangal,80.4732,18.2888
Karimnagar,78.8571,18.3629
Warangal,80.0563,17.9562
Warangal,80.0543,17.9452
Nalgonda,79.3574,17.4167
Nalgonda,79.4204,17.3844
Karimnagar,79.3226,18.4712
Nalgonda,79.2196,16.8529
Nalgonda,79.3679,16.79
Nalgonda,79.5992,17.0285
Karimnagar,79.503,18.3864
Nalgonda,79.5368,17.0636
Nalgonda,79.5229,17.0613
Karimnagar,79.2912,18.3262
Karimnagar,79.1235,18.2983
Karimnagar,79.2973,18.2465
Warangal,80.5049,18.1965
Warangal,80.4663,18.2106
Nizamabad,77.7946,18.5913
Karimnagar,79.3809,18.4214
Karimnagar,79.3904,18.42
Adilabad,78.3465,19.506
Nizamabad,77.8913,18.7519
Nizamabad,77.89,18.7429
Nizamabad,77.9047,18.4553
Nizamabad,77.8952,18.4566
Nizamabad,78.01,18.8731
Nizamabad,78.0958,18.8419
Nizamabad,78.1888,18.8193
Karimnagar,78.6003,18.8331
Adilabad,77.9231,18.8764
Karimnagar,78.8076,18.2866
Mahbubnagar,77.6431,16.3746
Mahbubnagar,77.8608,16.4532
Medak,78.252,18.0921
Medak,78.1306,17.8607
Medak,78.0638,17.8613
Mahbubnagar,78.1673,16.1134
Warangal,79.9341,18.0978
Karimnagar,79.405,18.2758
Medak,78.1667,17.713
Khammam,80.8259,17.7751
Nizamabad,78.2606,18.8151
Karimnagar,79.4629,18.4809
Karimnagar,79.4407,18.4769
Karimnagar,79.291,18.4078
Karimnagar,79.4571,18.4766
Warangal,79.6672,18.4773
Karimnagar,78.6708,18.7246
Nizamabad,78.1846,18.9054
Nizamabad,78.1798,18.9061
Khammam,80.1021,17.1855
Nizamabad,77.7724,18.5263
Nizamabad,77.7593,18.57
Nizamabad,77.9367,18.7993
Nizamabad,77.7851,18.205
Warangal,79.4,18.0093
Adilabad,79.447,18.9846
Karimnagar,79.3872,18.2385
Karimnagar,79.5727,18.7113
Warangal,79.4104,18.0079
Karimnagar,79.3885,18.248
Warangal,79.409,17.9984
Karimnagar,79.7341,18.6511
Nizamabad,78.2565,18.3859
Nizamabad,78.2442,18.3875
Warangal,79.4004,17.6704
Karimnagar,79.6776,18.4941
Khammam,80.8065,17.95
Warangal,80.5147,18.194
Khammam,80.5863,18.0367
Khammam,80.797,17.9513
Medak,78.2256,17.9016
Medak,78.1689,17.9801
Nizamabad,77.9572,18.2405
Warangal,80.3945,18.2751
Nizamabad,78.1414,18.6567
Nizamabad,77.9394,18.7428
Nizamabad,78.1304,18.5747
Nizamabad,77.7517,18.4889
Nizamabad,77.7414,18.4875
Nizamabad,77.7941,18.4849
Nizamabad,77.7503,18.4982
Warangal,80.019,17.9008
Nizamabad,78.2487,18.3798
Nizamabad,78.2259,18.3865
Karimnagar,79.5435,18.412
Medak,78.5189,18.024
Medak,78.1661,17.977
Nizamabad,78.1703,18.8665
Karimnagar,79.0063,18.863
Nizamabad,78.4191,18.8399
Khammam,80.8061,17.9531
Medak,78.1356,17.7949
Nizamabad,77.8673,18.3609
Nizamabad,78.1548,18.6506
Warangal,80.4552,18.2986
Warangal,80.4653,18.3001
Nizamabad,78.0764,18.0846
Karimnagar,79.2497,18.3653
Nizamabad,78.0798,18.8126
Warangal,80.1665,18.2095
Warangal,80.1602,18.208
Medak,78.2302,18.0052
Medak,78.2803,17.6906
Medak,78.1541,17.994
Medak,78.2207,18.0038
Medak,78.2222,17.9948
Medak,78.141,17.9551
Nizamabad,78.2231,18.8339
Karimnagar,78.9375,18.3938
Karimnagar,78.6373,18.8391
Nizamabad,77.8848,18.4515
Nizamabad,78.151,18.639
Nizamabad,78.2136,18.8325
Warangal,79.7339,18.0649
Warangal,80.0844,18.3062
Karimnagar,79.113,18.5194
Karimnagar,79.512,18.4019
Warangal,79.7236,17.8979
Warangal,79.8953,17.9769
Karimnagar,79.4327,18.5647
Warangal,79.5076,18.014
Warangal,79.517,18.0153
Karimnagar,79.3563,18.499
Warangal,79.6375,18.4653
Karimnagar,79.53,18.303
Karimnagar,79.8361,18.5021
Karimnagar,79.4439,18.493
Karimnagar,79.344,18.5156
Adilabad,79.1474,19.04
Karimnagar,79.3426,18.5245
Adilabad,79.7539,18.7023
Karimnagar,79.3288,18.4037
Adilabad,79.7635,18.7036
Karimnagar,79.3951,18.3296
Khammam,80.8055,17.9534
Nizamabad,78.1447,18.6633
Karimnagar,78.7158,18.8068
Karimnagar,78.7225,18.8079
Nizamabad,78.1314,18.6656
Nizamabad,77.8517,18.681
Medak,78.159,18.0685
Medak,78.1654,18.0722
Nizamabad,78.3073,18.6318
Nizamabad,78.2944,18.846
Nizamabad,78.0947,18.9053
Nizamabad,78.1469,18.648
Nizamabad,78.139,18.6389
Warangal,79.9061,17.8548
Nizamabad,77.7528,18.3379
Warangal,79.6698,18.4633
Khammam,80.8394,17.7739
Khammam,80.8574,17.7546
Warangal,79.8865,18.3191
Karimnagar,79.4557,18.3909
Karimnagar,79.4825,18.3137
Karimnagar,79.4508,18.1891
Karimnagar,79.5415,18.4065
Karimnagar,79.3509,18.4247
Nizamabad,78.1294,18.8164
Nizamabad,77.831,18.4894
Nizamabad,78.1973,18.765
Khammam,80.7995,17.9547
Medak,78.1835,17.6791
Medak,78.1682,17.6809
Medak,78.1768,17.6801
Nizamabad,77.8284,18.3593
Nizamabad,77.8616,18.7007
Nizamabad,77.9425,18.7395
Nizamabad,77.871,18.702
Medak,78.4348,17.8975
Medak,78.1718,17.6768
Medak,78.1624,17.6755
Karimnagar,79.3419,18.4818
Warangal,79.9173,17.9152
Warangal,79.9328,18.1008
Nizamabad,78.2486,18.5982
Karimnagar,79.5059,18.3105
Karimnagar,79.4141,18.2887
Khammam,80.8009,17.958
Khammam,80.8103,17.9565
Nizamabad,78.115,18.0953
Nalgonda,79.526,17.2029
Karimnagar,79.4204,18.5301
Karimnagar,78.9671,18.9168
Warangal,79.9196,17.9071
Warangal,80.0733,18.1323
Karimnagar,79.4411,18.1501
Adilabad,79.7087,19.2027
Warangal,80.152,18.1804
Khammam,80.6013,17.472
Karimnagar,79.0263,18.1977
Nizamabad,78.3157,18.6544
Karimnagar,78.9501,18.8639
Karimnagar,78.9225,18.8479
Nizamabad,78.1918,18.8326
Karimnagar,78.9381,18.8659
Karimnagar,79.4036,18.3581
Warangal,79.491,18.094
Nalgonda,79.5553,17.1802
Karimnagar,79.4762,18.1613
Karimnagar,79.8246,18.6465
Nalgonda,79.3045,17.3691
Warangal,79.5043,18.0917
Karimnagar,79.1588,18.4174
Karimnagar,79.3629,18.3542
Warangal,79.4797,18.1067
Medak,78.204,17.6101
Nalgonda,78.8341,17.3434
Karimnagar,79.7971,18.5537
Warangal,79.6935,18.168
Warangal,80.1151,18.2148
Karimnagar,79.4247,18.4403
Karimnagar,79.4125,18.4388
Karimnagar,78.9151,18.8127
Nizamabad,77.9942,18.3766
Karimnagar,78.6357,18.8632
Karimnagar,79.1886,18.4768
Nizamabad,78.3792,18.6526
Nizamabad,78.2658,18.8069
Karimnagar,79.3099,18.2094
Khammam,80.801,17.9502
Nizamabad,77.9015,18.3161
Khammam,80.8074,17.9512
Khammam,80.8025,17.956
Nizamabad,78.252,18.3884
Warangal,80.0542,17.9885
Adilabad,79.7542,18.6995
Khammam,80.7971,17.9509
Warangal,80.0982,18.181
Karimnagar,79.0984,18.8737
Khammam,80.4513,18.4544
Khammam,80.6955,18.1461
Khammam,80.4665,18.4517
Khammam,80.5987,18.2324
Khammam,80.6146,18.2265
Khammam,80.7991,17.9475
Nizamabad,78.2504,18.3806
Nizamabad,78.2517,18.3907
Khammam,80.8057,17.9532
Khammam,80.4605,18.4468
Khammam,80.7994,17.9472
Mahbubnagar,77.6351,17.1229
Karimnagar,79.7957,18.6979
Karimnagar,79.7647,18.6841
Karimnagar,79.4099,18.4219
Karimnagar,79.7913,18.6952
Khammam,80.8013,17.9538
Khammam,80.8626,17.9697
Khammam,80.4504,18.4532
Khammam,80.808,17.9485
Karimnagar,79.3052,18.4807
Karimnagar,79.3848,18.4325
Karimnagar,79.8018,18.7008
Karimnagar,79.4118,18.4196
Khammam,80.7916,18.054
Khammam,80.7768,18.0314
Karimnagar,79.995,18.7663
Khammam,80.4719,18.388
Khammam,80.7663,17.9516
Khammam,80.466,18.3867
Khammam,80.7957,17.9467
Khammam,80.8051,17.948
Warangal,80.4493,18.4496
Karimnagar,79.5144,18.395
Karimnagar,79.7163,18.5546
Warangal,80.4422,18.3559
Khammam,80.4809,18.3913
Khammam,80.8653,17.9629
Khammam,80.8599,17.9683
Karimnagar,79.3896,18.8529
Karimnagar,79.7205,18.5578
Karimnagar,79.7647,18.6868
Warangal,80.4434,18.3628
Khammam,80.4512,18.4537
Khammam,80.4072,18.473
Karimnagar,79.7903,18.6958
Khammam,80.8633,17.9561
Khammam,80.7914,17.9435
Khammam,80.8003,17.9553
Karimnagar,79.5564,18.659
Khammam,80.8725,17.9568
Khammam,80.8631,17.9581
Khammam,80.8038,17.9484
Khammam,80.4016,18.4712
Khammam,80.8061,17.9485
Khammam,80.5579,18.2797
Khammam,80.5234,18.2867
Karimnagar,79.7942,18.6958
Khammam,80.7974,18.0017
Khammam,80.8048,17.9514
Khammam,80.7996,17.9464
Khammam,80.8645,17.9554
Khammam,80.804,17.9473
Khammam,80.4735,18.3898
Karimnagar,79.761,18.6783
Karimnagar,79.7165,18.5624
Karimnagar,80.007,18.7586
Khammam,80.8605,17.9738
Khammam,80.8559,17.9777
Khammam,80.4715,18.3246
Nalgonda,79.4581,17.3457
Karimnagar,79.7949,18.697
Karimnagar,79.412,18.4192
Karimnagar,79.9615,18.7598
Karimnagar,79.4289,18.4163
Karimnagar,80.0991,18.6844
Karimnagar,79.7195,18.5625
Karimnagar,79.5793,18.4335
Warangal,80.3704,18.514
Khammam,80.7994,17.9462
Karimnagar,79.8337,18.6581
Karimnagar,79.4965,18.3919
Karimnagar,79.7167,18.557
Warangal,80.4485,18.4503
Adilabad,79.9115,19.0399
Khammam,80.7961,17.9532
Khammam,80.4572,18.4478
Adilabad,79.7665,18.7251
Karimnagar,79.5369,18.399
Karimnagar,79.819,18.754
Khammam,80.8096,17.9516
Khammam,80.8616,17.9714
Khammam,80.8001,17.9531
Karimnagar,79.7822,18.6938
Karimnagar,79.6788,18.6707
Khammam,80.8045,17.9504
Khammam,80.8649,17.9621
Khammam,80.8079,17.9516
Karimnagar,79.8271,18.6497
Karimnagar,79.3906,18.855
Khammam,80.3784,18.5096
Khammam,80.6949,17.6294
Mahbubnagar,78.1235,15.9095
Karimnagar,80.1621,18.684
Warangal,80.4478,18.4448
Khammam,80.3776,18.5112
Khammam,80.4579,18.4535
Khammam,80.4576,18.4262
Khammam,80.8083,17.9524
Khammam,80.7877,17.9459
Khammam,80.8028,17.9476
Karimnagar,79.9742,18.7619
Karimnagar,80.0004,18.7597
Karimnagar,79.8245,18.7582
Karimnagar,79.7881,18.697
Karimnagar,79.7623,18.6837
Nizamabad,78.1506,18.8777
Karimnagar,79.8196,18.7529
Karimnagar,79.7178,18.5561
Khammam,80.81,17.9535
Khammam,80.4565,18.4512
Adilabad,79.9151,19.0423
Khammam,80.7988,17.9505
Karimnagar,79.7687,18.6863
Khammam,80.7898,17.9438
Khammam,80.805,17.9456
Khammam,80.3887,18.5148
Khammam,80.4453,18.4542
Khammam,80.6317,18.2152
Khammam,80.6271,18.2245
Khammam,80.4596,18.3921
Khammam,80.8075,17.9513
Karimnagar,79.6618,18.4762
Khammam,80.4541,18.4475
Khammam,80.4037,18.4708
Karimnagar,79.5752,18.4307
Karimnagar,79.5715,18.4254
Karimnagar,79.3915,18.8551
Medak,78.7405,17.8015
Nalgonda,79.0591,17.6839
Warangal,80.4621,18.3351
Khammam,80.8009,17.951
Mahbubnagar,78.0017,15.9015
Mahbubnagar,77.9054,16.553
Nizamabad,77.917,18.7889
Khammam,80.4559,18.4514
Khammam,80.4502,18.4527
Khammam,80.4064,18.4717
Khammam,80.4703,18.3912
Khammam,80.4656,18.45
Khammam,80.8611,17.9677
Khammam,80.4686,18.3152
Karimnagar,79.726,18.5594
Khammam,80.4503,18.455
Khammam,80.4112,18.4708
Medak,78.2899,17.4943
Medak,78.4364,17.9243
Khammam,80.8029,17.9463
Khammam,80.6892,18.159
Khammam,80.5945,18.2319
Khammam,80.6288,18.2179
Khammam,80.4535,18.4498
Khammam,80.6341,18.2171
Warangal,80.4506,18.3282
Khammam,80.8004,17.9532
Khammam,80.8079,17.947
Khammam,80.7985,17.9484
Khammam,80.4719,18.3904
Khammam,80.8066,17.9496
Nalgonda,79.485,17.412
Khammam,80.7977,17.951
Nizamabad,77.9308,18.5795
Nalgonda,79.168,17.2378
Nalgonda,79.3281,17.2024
Khammam,80.8013,17.9494
Nizamabad,77.9238,18.5958
Nizamabad,77.9105,18.5936
Adilabad,78.2915,19.044
Warangal,79.1076,17.9741
Nizamabad,78.2116,18.4102
Nizamabad,77.8602,18.5655
Medak,78.437,17.9874
Medak,78.0325,17.995
Medak,78.0422,17.9935
Medak,78.2719,17.6907
Nizamabad,78.307,18.2203
Medak,78.1556,17.4867
Nizamabad,78.3492,18.2325
Medak,78.063,17.9996
Nizamabad,78.3394,18.234
Khammam,80.6121,18.2215
Medak,78.2355,17.5497
Medak,78.1764,18.0461
Nizamabad,77.9281,18.6818
Nizamabad,77.8128,18.4556
Nizamabad,77.7771,18.624
Nizamabad,77.937,18.7543
Nizamabad,77.7894,18.6256
Nizamabad,77.7992,18.5138
Nizamabad,77.9435,18.7568
Nizamabad,77.9131,18.458
Nizamabad,77.9309,18.7552
Nizamabad,77.7753,18.4601
Khammam,80.803,17.9544
Khammam,80.7972,17.9514
Karimnagar,79.3043,18.5115
Nizamabad,78.1028,18.8628
Nizamabad,77.8998,18.4468
Nizamabad,77.8902,18.4651
Nizamabad,77.8123,18.4724
Nizamabad,77.8481,18.7163
Nizamabad,77.9305,18.6822
Nizamabad,78.1389,18.6278
Nizamabad,78.1375,18.6368
Nizamabad,78.0074,18.6838
Nizamabad,78.084,18.7768
Nizamabad,77.8641,18.2028
Medak,78.285,17.9588
Khammam,81.0917,17.6188
Karimnagar,79.9933,18.7702
Nizamabad,77.9294,18.4471
Nizamabad,77.8645,18.6466
Mahbubnagar,78.6965,16.4068
Khammam,80.8043,17.9472
Karimnagar,79.1677,18.6756
Nizamabad,78.3193,18.6311
Nizamabad,78.3088,18.6295
Nizamabad,78.313,18.6353
Karimnagar,79.3179,18.3202
Karimnagar,78.6399,18.6959
Karimnagar,78.5592,18.8237
Nizamabad,77.9416,18.4505
Nizamabad,77.9138,18.786
Nizamabad,77.9133,18.6942
Nizamabad,78.013,18.5154
Nizamabad,78.1504,18.6387
Nizamabad,77.8148,18.4009
Nizamabad,77.7335,18.5007
Nizamabad,77.9014,18.6092
Medak,78.2869,17.4897
Nalgonda,79.0303,17.336
Medak,78.0405,17.9952
Medak,78.1827,18.0995
Medak,78.1987,18.0395
Medak,78.1519,17.9931
Medak,78.1626,17.9948
Medak,78.1384,17.7331
Medak,78.1368,17.7426
Khammam,80.8647,17.9681
Khammam,80.9943,17.6437
Nizamabad,77.9892,18.5147
Nizamabad,77.9404,18.4596
Nizamabad,77.9296,18.4613
Nizamabad,77.8801,18.6735
Nizamabad,77.8992,18.5684
Nizamabad,77.8121,18.4801
Medak,78.1714,18.0528
Medak,78.1381,18.058
Nizamabad,77.986,18.357
Nizamabad,77.9838,18.5103
Nizamabad,77.8704,18.6631
Nizamabad,77.7453,18.5113
Nizamabad,78.0196,18.7689
Nizamabad,77.7476,18.4994
Nizamabad,77.783,18.4385
Nizamabad,77.7405,18.5352
Nizamabad,77.9239,18.5187
Adilabad,79.7269,18.7838
Nizamabad,78.1946,18.8007
Khammam,80.8021,17.9482
Nizamabad,77.802,18.5722
Nizamabad,77.7902,18.4726
Nizamabad,77.7997,18.4712
Nizamabad,78.0056,18.6811
Nizamabad,77.9962,18.6825
Nizamabad,77.9098,18.75
Nizamabad,77.8736,18.6172
Nizamabad,77.9258,18.6651
Nizamabad,77.9452,18.5793
Medak,78.1442,18.0618
Nizamabad,77.8069,18.2217
Medak,78.1349,18.0632
Mahbubnagar,77.3684,16.3872
Medak,78.1647,17.9818
Nizamabad,78.059,18.9273
Nizamabad,77.7445,18.4679
Nizamabad,77.9543,18.5153
Nizamabad,77.7457,18.5258
Nizamabad,78.3237,18.6297
Karimnagar,78.6849,18.9603
Nizamabad,77.7466,18.4808
Nizamabad,77.9715,18.5932
Nizamabad,77.947,18.8165
Nizamabad,77.9171,18.7064
Nizamabad,78.1527,18.6343
Nizamabad,78.1696,18.6354
Karimnagar,79.9768,18.7686
Karimnagar,79.972,18.772
Khammam,80.6948,18.1536
Khammam,80.6395,18.2064
Karimnagar,79.9687,18.7601
Khammam,80.8651,17.9641
Nizamabad,78.4303,18.886
Karimnagar,79.4789,18.1608
Khammam,80.9883,17.6433
Nizamabad,77.734,18.4882
Nizamabad,78.0206,18.7617
Nizamabad,78.1851,18.7676
Nizamabad,78.1349,18.6399
Nizamabad,78.0007,18.602
Nizamabad,78.0857,18.7805
Nizamabad,77.9796,18.5528
Nizamabad,77.8387,18.7347
Nizamabad,78.0762,18.7791
Nizamabad,77.9794,18.774
Nizamabad,77.9699,18.7726
Nizamabad,78.1966,18.8976
Nizamabad,78.1951,18.9065
Nizamabad,77.8829,18.4641
Nizamabad,77.8032,18.4894
Nizamabad,77.8788,18.5925
Nizamabad,77.7683,18.6036
Nizamabad,77.7586,18.6022
Nizamabad,77.8297,18.6499
Nizamabad,77.7993,18.6546
Nizamabad,77.7897,18.6532
Nizamabad,77.9267,18.5997
Nizamabad,77.8644,18.3141
Mahbubnagar,77.4053,16.3727
Nizamabad,78.3146,18.6462
Medak,78.0845,18.0648
Medak,78.2359,18.0386
Medak,78.078,18.0611
Nizamabad,77.9108,18.7421
Nizamabad,77.929,18.3906
Nizamabad,77.8469,18.3831
Nizamabad,77.8339,18.3853
Nizamabad,77.8063,18.4932
Khammam,80.6807,18.167
Medak,79.0327,18.1062
Nalgonda,79.6438,17.1204
Nizamabad,77.7878,18.625
Nizamabad,78.0822,18.777
Nizamabad,77.8036,18.5019
Nizamabad,77.8076,18.5092
Nizamabad,78.4386,18.9183
Khammam,80.4488,18.4525
Nizamabad,78.4762,18.7452
Nizamabad,78.6307,18.7022
Nizamabad,78.1479,18.8053
Nizamabad,77.8905,18.6047
Medak,77.7139,18.1335
Mahbubnagar,77.8958,16.62
Medak,78.0844,18.0675
Mahbubnagar,78.1903,16.0108
Nizamabad,78.1287,18.618
Khammam,80.6329,18.2228
Warangal,80.4516,18.4457
Khammam,80.4668,18.4006
Nizamabad,78.3383,18.7478
Nizamabad,78.3453,18.7486
Nizamabad,78.0205,18.784
Karimnagar,78.7931,18.814
Warangal,80.456,18.426
Khammam,80.4509,18.4542
Khammam,80.4055,18.4702
Karimnagar,79.3479,18.6713
Nizamabad,78.2843,18.7097
Karimnagar,79.3333,18.6182
Khammam,80.7341,18.1166
Mahbubnagar,78.1759,16.0393
Mahbubnagar,78.1643,16.0051
Warangal,80.4644,18.3722
Khammam,80.5212,18.2633
Nizamabad,78.033,18.7877
Nizamabad,78.1546,18.8071
Karimnagar,79.978,18.7682
Karimnagar,80.1634,18.6915
Warangal,80.4604,18.3262
Karimnagar,79.3314,18.399
Nizamabad,77.8071,18.4957
Nizamabad,78.0802,18.6952
Adilabad,78.4829,19.0091
Nizamabad,78.1859,18.7842
Karimnagar,78.5519,18.9259
Karimnagar,78.7404,18.8416
Nizamabad,78.4644,18.9139
Karimnagar,79.4232,18.2358
Nizamabad,77.8657,18.3152
Nizamabad,77.99,18.2321
Mahbubnagar,77.2924,16.4194
Medak,78.2752,18.0239
Karimnagar,79.9644,18.763
Karimnagar,79.9907,18.7722
Khammam,80.6309,18.2226
Khammam,80.6252,18.2206
Nizamabad,78.0105,18.6007
Warangal,80.4462,18.3507
Mahbubnagar,78.1497,16.0415
Mahbubnagar,78.1946,16.0485
Mahbubnagar,78.1442,16.0421
Mahbubnagar,78.1918,15.998
Mahbubnagar,78.1385,16.0398
Warangal,80.6266,18.1528
Medak,78.1546,17.9837
Mahbubnagar,78.5176,16.8166
Mahbubnagar,77.2411,16.4701
Mahbubnagar,77.4371,16.473
Medak,78.404,18.0521
Mahbubnagar,78.1203,16.8367
Nizamabad,78.0777,18.6856
Nizamabad,77.9043,18.7514
Karimnagar,78.8332,18.3759
Nizamabad,78.0159,18.5988
Mahbubnagar,78.194,16.0226
Mahbubnagar,78.1771,15.9945
Medak,78.1203,17.9628
Warangal,80.5212,18.2095
Karimnagar,79.505,18.3826
Medak,78.1049,17.8113
Medak,78.0987,17.8169
Medak,78.114,17.9732
Karimnagar,78.8762,18.9603
Nizamabad,77.7995,18.6945
Warangal,80.3868,18.3021
Adilabad,78.486,19.0155
Karimnagar,78.7746,18.3558
Medak,78.0986,17.8562
Medak,78.1098,17.8236
Medak,78.2085,17.8925
Nalgonda,79.0638,17.3401
Medak,78.103,17.8217
Karimnagar,79.0286,18.1965
Nizamabad,77.7981,18.563
Nizamabad,77.7486,18.5802
Nizamabad,77.764,18.582
Medak,78.1355,17.9445
Karimnagar,79.0963,18.6597
Khammam,80.6948,17.3456
Khammam,80.907,17.1857
Warangal,80.512,18.2274
Karimnagar,79.6611,18.684
Nizamabad,78.4753,18.8817
Nizamabad,78.379,18.8161
Warangal,79.7052,17.7235
Nizamabad,78.2556,18.8535
Warangal,79.71,17.7326
Karimnagar,79.6481,18.6824
Warangal,79.1629,17.9194
Karimnagar,78.8912,18.8215
Karimnagar,78.8857,18.821
Nizamabad,78.1152,18.8105
Nizamabad,78.0372,18.8541
Nizamabad,77.8124,18.4569
Nizamabad,77.8707,18.3913
Nizamabad,78.5479,18.8183
Nizamabad,78.6265,18.7076
Karimnagar,78.8795,18.82
Medak,78.1185,17.7821
Medak,78.2268,17.6655
Mahbubnagar,77.4482,16.4129
Ranga Reddy,78.4124,17.6085
Warangal,79.0334,17.9127
Medak,78.7493,18.0707
Medak,78.0792,17.8936
Medak,78.6883,17.9486
Khammam,80.8051,18.0739
Khammam,80.8088,18.0778
Medak,78.1584,17.9964
Karimnagar,79.657,18.6787
Khammam,80.685,18.0301
Khammam,80.675,18.0288
Nizamabad,77.891,18.5457
Nizamabad,78.1193,18.5617
Karimnagar,79.0679,18.8651
Adilabad,78.6332,18.9869
Nizamabad,77.794,18.6146
Nizamabad,77.8925,18.7581
Nalgonda,79.0338,17.3592
Medak,79.0172,18.1118
Mahbubnagar,77.2903,16.4432
Medak,78.1185,17.9623
Medak,78.0789,17.9657
Medak,78.0241,17.6989
Medak,78.1674,17.7201
Medak,78.1469,17.7263
Medak,78.6707,17.9325
Nizamabad,78.4194,18.7808
Karimnagar,79.3127,18.6699
Nalgonda,79.705,16.9481
Nizamabad,78.3904,18.4262
Nizamabad,78.4433,18.9137
Nizamabad,78.2483,18.8668
Nizamabad,78.2842,18.4839
Khammam,80.4518,17.7608
Warangal,80.4434,18.302
Karimnagar,79.7127,18.6776
Khammam,80.7481,18.0377
Medak,78.2397,17.5379
Medak,78.1103,17.9886
Medak,78.4262,17.8976
Warangal,79.6725,18.4396
Warangal,79.6926,18.4192
Karimnagar,79.8388,18.6602
Adilabad,78.4666,19.0248
Warangal,79.9178,18.109
Warangal,80.5416,18.2434
Nizamabad,78.1027,18.7098
Khammam,80.4964,17.2234
Nizamabad,77.822,18.6058
Nizamabad,78.1848,18.5321
Medak,78.2922,17.4913
Medak,78.1574,18.0749
Ranga Reddy,77.9079,17.1992
Mahbubnagar,77.3941,16.3829
Karimnagar,79.5624,18.4829
Nalgonda,79.7055,16.9925
Karimnagar,79.5733,18.4811
Adilabad,78.4912,18.9939
Karimnagar,78.8837,18.5897
Adilabad,78.4842,18.9945
Karimnagar,79.4418,18.4035
Warangal,79.9785,18.2514
Warangal,80.0415,17.9839
Khammam,80.4982,17.2245
Nalgonda,79.1375,17.3424
Ranga Reddy,78.4921,17.6148
Adilabad,78.3813,19.0223
Adilabad,78.3949,19.0239
Nizamabad,77.8275,18.6686
Nalgonda,80.0279,17.0331
Khammam,80.6083,17.2436
Khammam,80.4714,17.2814
Khammam,80.5541,18.3232
Nizamabad,78.5571,18.5605
Karimnagar,79.343,18.3464
Karimnagar,79.6898,18.6097
Nalgonda,79.6381,16.979
Karimnagar,79.7846,18.6318
Karimnagar,80.0818,18.5064
Mahbubnagar,77.5471,16.3553
Karimnagar,79.0325,18.2023
Mahbubnagar,77.8055,16.4761
Medak,78.3833,17.9572
Medak,78.0905,17.6734
Karimnagar,80.0204,18.4932
Nalgonda,79.8617,16.8695
Karimnagar,79.2538,18.3651
Karimnagar,79.2584,18.7253
Adilabad,79.7479,18.7144
Karimnagar,79.9748,18.7476
Nalgonda,79.7934,16.8686
Karimnagar,79.7106,18.5621
Karimnagar,79.7056,18.5146
Nalgonda,79.4715,16.7831
Warangal,79.8594,18.2797
Mahbubnagar,78.3507,16.7418
Nalgonda,78.9858,16.7661
Medak,78.2842,17.4892
Medak,78.2194,17.6966
Nalgonda,78.9757,16.7645
Warangal,80.5276,18.2016
Khammam,80.8613,17.411
Warangal,80.5206,18.2099
Warangal,80.6029,18.1485
Warangal,80.6281,18.1704
Warangal,80.535,18.2394
Warangal,80.4529,18.2929
Khammam,80.4459,17.1865
Karimnagar,78.5886,18.8525
Nizamabad,77.7939,18.6217
Nizamabad,77.7979,18.626
Nizamabad,78.2154,18.712
Nizamabad,78.1057,18.7142
Nizamabad,78.0951,18.7125
Karimnagar,79.6825,18.6529
Karimnagar,79.3703,18.2329
Adilabad,79.7487,18.7559
Karimnagar,78.6549,18.8859
Karimnagar,78.6494,18.8884
Khammam,80.7342,17.2119
Khammam,80.7508,17.2091
Mahbubnagar,77.9094,16.2472
Medak,78.4795,17.9196
Ranga Reddy,77.5662,17.3639
Ranga Reddy,77.5716,17.3595
Khammam,80.9401,17.2616
Nalgonda,79.833,16.8677
Warangal,79.9115,17.854
Karimnagar,79.0049,18.9459
Warangal,80.629,18.1557
Karimnagar,79.0263,18.1822
Karimnagar,79.2349,18.5662
Warangal,79.8797,17.8857
Medak,78.3,17.6912
Mahbubnagar,77.4793,16.4233
Khammam,80.8056,17.9477
Khammam,80.2496,17.493
Khammam,80.688,18.029
Nalgonda,79.5607,17.003
Karimnagar,79.2809,18.5243
Karimnagar,79.2252,18.5687
Warangal,79.5951,18.0657
Nalgonda,79.5675,17.0039
Warangal,80.4345,18.3075
Nalgonda,78.9717,16.631
Karimnagar,78.6438,18.7963
Karimnagar,78.7773,18.8613
Adilabad,78.0379,19.0121
Medak,78.9567,18.1884
Ranga Reddy,78.4491,17.2575
Mahbubnagar,77.7844,16.5132
Nizamabad,77.8942,18.2813
Khammam,80.6183,17.2148
Warangal,79.9395,18.2804
Karimnagar,79.0984,18.8342
Nalgonda,79.9047,17.0161
Karimnagar,79.4681,18.5366
Karimnagar,79.3091,18.5691
Karimnagar,79.2513,18.57
Karimnagar,79.3432,18.6757
Karimnagar,79.8286,18.6702
Khammam,80.0928,17.0232
Karimnagar,79.8382,18.6715
Adilabad,78.2585,19.1921
Warangal,79.9408,18.2714
Adilabad,78.3772,19.0161
Warangal,79.3208,17.8539
Warangal,79.3302,17.8552
Adilabad,79.7681,18.8549
Warangal,79.5883,18.0655
Mahbubnagar,78.4171,16.0907
Adilabad,79.6373,18.7437
Khammam,80.269,17.0845
Khammam,80.6912,17.1434
Khammam,80.597,17.1829
Warangal,80.4345,18.0899
Warangal,80.1169,18.1682
Karimnagar,79.5829,18.5754
Warangal,79.9313,18.2803
Karimnagar,79.7763,18.5711
Nizamabad,77.8783,18.6791
Nizamabad,77.8688,18.6805
Nizamabad,78.5325,18.7444
Nizamabad,78.5227,18.7459
Nizamabad,78.4346,18.8155
Karimnagar,79.6374,18.5249
Karimnagar,79.4878,18.2814
Warangal,79.94,18.3114
Medak,78.2865,17.4902
Mahbubnagar,77.764,16.3346
Ranga Reddy,78.09,17.3183
Ranga Reddy,78.3176,17.246
Ranga Reddy,78.0996,17.3169
Khammam,80.5654,17.4258
Warangal,79.9452,18.2784
Warangal,79.9429,18.2899
Warangal,79.9269,18.2871
Karimnagar,79.2702,18.235
Karimnagar,79.6149,18.4894
Nizamabad,78.1331,18.7058
Ranga Reddy,77.8491,17.2933
Khammam,79.9786,17.0837
Warangal,79.9411,18.285
Warangal,79.9396,18.2968
Nalgonda,79.9719,17.0804
Warangal,79.0167,17.8677
Karimnagar,78.5555,18.8316
Adilabad,78.1366,18.9964
Ranga Reddy,77.7608,17.5235
Warangal,80.4275,18.3198
Nizamabad,78.182,18.862
Karimnagar,78.8476,18.6223
Karimnagar,78.8575,18.6237
Khammam,80.8005,17.3284
Medak,77.8479,18.1616
Mahbubnagar,77.5133,16.6221
Mahbubnagar,77.967,16.613
Mahbubnagar,77.6232,16.0397
Mahbubnagar,77.9762,16.6143
Warangal,79.0092,17.9722
Karimnagar,79.5074,18.6181
Warangal,79.8636,18.3464
Karimnagar,79.2648,18.7164
Warangal,79.1632,17.8373
Karimnagar,79.8264,18.6599
Karimnagar,79.4078,18.5424
Adilabad,78.6275,19.0141
Khammam,80.6899,18.0615
Warangal,80.5074,18.2481
Khammam,80.5148,18.4243
Khammam,80.7333,17.0922
Khammam,80.7533,17.0859
Warangal,79.9764,18.2076
Khammam,79.9799,17.0933
Karimnagar,79.5807,18.2131
Karimnagar,79.785,18.5757
Nizamabad,78.3989,18.6258
Nizamabad,78.0798,18.1229
Medak,77.5552,17.652
Nizamabad,78.3873,18.6163
Nizamabad,78.3813,18.6285
Nalgonda,78.9588,17.5146
Nalgonda,78.9514,17.5113
Khammam,81.0476,17.2889
Khammam,81.0587,17.2906
Ranga Reddy,78.5137,17.552
Ranga Reddy,78.5181,17.5559
Ranga Reddy,78.5298,17.5548
Ranga Reddy,78.5341,17.5586
Warangal,79.9082,18.296
Nizamabad,78.3862,18.6293
Warangal,79.9208,18.2981
Warangal,79.8752,18.333
Khammam,80.7236,17.2896
Khammam,80.8086,17.9506
Karimnagar,78.7449,18.9142
Karimnagar,78.7355,18.9156
Karimnagar,78.7908,18.6581
Karimnagar,79.5567,18.6631
Adilabad,79.4063,18.9166
Warangal,79.8683,18.3381
Khammam,80.8519,17.1595
Khammam,80.0507,17.1812
Ranga Reddy,78.048,17.3162
Medak,78.2171,18.0271
Karimnagar,78.873,18.8883
Mahbubnagar,77.5725,16.5948
Mahbubnagar,77.7228,16.6324
